Workbook

Sheet DashBord
B2: DESCRIÇÃO | C2: Março | D2: Setembro | E2: Outubro | F2: Novembro | G2: Dezembro
B3: RECEITA | C3: =Receita!#REF! -> #REF! | D3: =Receita!C1 -> 19259.03 | E3: =Receita!D1 -> 16275.13 | F3: =Receita!E1 -> 16275.13 | G3: =Receita!F1 -> 16275.13
B4: CONTAS | C4: =CONTAS!#REF! -> #REF! | D4: ='Nubank M'!C1+'Nubank V'!D1+'C6'!C1+CONTAS!C1 -> -11568.28 | E4: ='Nubank M'!D1+'Nubank V'!E1+'C6'!D1+CONTAS!D1 -> -6930.03 | F4: ='Nubank M'!E1+'Nubank V'!F1+'C6'!E1+CONTAS!E1 -> -6207.73 | G4: ='Nubank M'!F1+'Nubank V'!G1+'C6'!F1+CONTAS!F1 -> -5859.73
B5: MERCADO | C5: ='Nubank M'!#REF! -> #REF! | D5: -1400 | E5: =PREVISÃO!E3 -> -2000 | F5: =PREVISÃO!F3 -> -2000 | G5: =PREVISÃO!G3 -> -2000
B6: COMBUSTIVEL | C6: ='Nubank M'!#REF! -> #REF! | D6: -600 | E6: =PREVISÃO!E4 -> -600 | F6: =PREVISÃO!F4 -> -600 | G6: =PREVISÃO!G4 -> -600
B7: POUPANÇA | C7: -4000 | D7: -4000 | E7: -4000 | F7: -4000 | G7: -4000
B8: TOTAL | C8: =SUM(C3:C7) -> #REF! | D8: =SUM(D3:D7) -> 1690.75 | E8: =SUM(E3:E7) -> 2745.1 | F8: =SUM(F3:F7) -> 3467.4 | G8: =SUM(G3:G7) -> 3815.4

Sheet Receita
C1: =SUM(C3:C59) -> 19259.03 | D1: =SUM(D3:D59) -> 16275.13 | E1: =SUM(E3:E59) -> 16275.13 | F1: =SUM(F3:F59) -> 16275.13 | N1: 17818.68 | P1: 4760
A2: Descrição | B2: Etiqueta | C2: Setembro | D2: Outubro | E2: Novembro | F2: Dezembro | N2: -3433.21 | P2: 497
A3: Salario Marcelo | C3: 11000 | D3: 11000 | E3: 11000 | F3: 11000 | N3: -6857.97 | P3: -574.97
A4: Salario Vanessa | C4: 4800 | D4: 4800 | E4: 4800 | F4: 4800 | N4: -574.97 | P4: -6955.97
A5: amarelinha | B5: Mãe | C5: 485.7 | N5: -4099.82 | P5: -1276
A6: amarelinha | B6: Tia | C6: 341.67 | N6: 1000 | P6: -3850
A7: amarelinha | B7: Mãe | C7: 482.93
A8: Sogra | C8: 497 | N8: =SUM(N1:N7) -> 3852.71 | P8: =SUM(P1:P7) -> -7399.94
A9: RIACHUELO (MÃE) | B9: Mãe | C9: 176.6
A10: EMPRESTIMO | C10: 475.13 | D10: 475.13 | E10: 475.13 | F10: 475.13
B12: Mãe | C12: 1000

Sheet Nubank M
C1: =SUM(C3:C38) -> -4558.28 | D1: =SUM(D3:D38) -> -1417.37 | E1: =SUM(E3:E38) -> -775.06 | F1: =SUM(F3:F38) -> -775.06
A2: Descrição | B2: Etiqueta | C2: Setembro | D2: Outubro | E2: Novembro | F2: Dezembro
A3: ESCOLA BRENO | C3: -19.9 | D3: -19.9 | E3: -19.9 | F3: -19.9
A4: YOUTUBE | C4: -26.9 | D4: -26.9 | E4: -26.9 | F4: -26.9
A5: THERA COSMETICOS | C5: -55.44 | D5: -55.44
A6: BOTICARIO | C6: -83.26
A7: CLAUDE | C7: -4
A8: CLAUDE | C8: -114.29
A9: MERCADO MÃE | B9: MÃE | C9: -482.93
A10: Botina Mercado Livre | C10: -55.35 | D10: -55.35 | E10: -55.35 | F10: -55.35
A11: MELIPLUS | C11: -9.9 | D11: -9.9 | E11: -9.9 | F11: -9.9
A12: NETFLIX | C12: -57.8 | D12: -57.8 | E12: -57.8 | F12: -57.8
A13: Mercado Livre | C13: -21.79
A14: DECATHON | C14: -101.17 | D14: -101.17
A15: KIWIFI | C15: -5.21 | D15: -5.21 | E15: -5.21 | F15: -5.21
A16: TING | C16: -8.7
A17: LUZINHO | C17: -19
A18: FISIOTERAPIA | C18: -600 | D18: -600 | E18: -600 | F18: -600
A19: COOPCANA | C19: -17.98
A20: AMARELINHA | B20: MÃE | C20: -485.7 | D20: -485.7
A21: AMARELINHA | B21: TIA | C21: -341.67
A22: NA BRAZZA | C22: -139
A23: PIMPINELA | C23: -22
A24: CENOURÃO | C24: -138.7
A25: BURITI | C25: -137.75
A26: SAVEGNAGO | C26: -265.54
A27: LIKA BABY | C27: -149.99
A28: CENOURÃO | C28: -110.33
A29: SAVEGNAGO | C29: -436.17
A30: MARMITA | C30: -30
A31: SAVEGNAGO | C31: -18.94
A32: BILUCÃO | C32: -107.12
A33: PANTERA | C33: -40
... A38: MIQUELIM | C38: -75

Sheet Nubank V
C1: =SUM(C3:C71) -> -574.97 | D1: =SUM(D3:D71) -> -509.96 | E1: =SUM(E3:E71) -> -71.4 | F1: =SUM(F3:F71) -> -71.4 | G1: =SUM(G3:G71) -> -71.4
A2: Descrição | B2: Etiqueta | C2: Agosto | D2: Setembro | E2: Outubro | F2: Novembro | G2: Dezembro
A3: Livelo | C3: -44.9 | D3: -44.9 | E3: -44.9 | F3: -44.9 | G3: -44.9
A4: Disney | C4: -26.5 | D4: -26.5 | E4: -26.5 | F4: -26.5 | G4: -26.5
A5: MERCADO LIVRE | C5: -49.97 | D5: -88.98
A6: Zara | C6: -154.34 | D6: -154.34
A7: Zara Bota | C7: -111 | D7: -111
A8: Riachuelo | C8: -84.24 | D8: -84.24
A9: Shopee | C9: -14.99
A10: Mercado | C10: -57.99
A11: Uber | C11: -17.95
A12: Uber | C12: -13.09

Sheet C6
C1: =SUM(C3:C49) -> -1919.07 | D1: =SUM(D3:D49) -> -860.29 | E1: =SUM(E3:E49) -> -780.3 | F1: =SUM(F3:F49) -> -780.3
A2: Descrição | B2: Etiqueta | C2: Setembro | D2: Outubro | E2: Novembro | F2: Dezembro
A3: RIACHUELO (MÃE) | C3: -176.6
A4: WELLHUB | C4: -149.99 | D4: -149.99 | E4: -149.99 | F4: -149.99
A5: HAVAN | C5: -79.99 | D5: -79.99
A6: CASAS BAHIA (SOGRA) | C6: -497.45
A7: NATAÇÃO | C7: -160 | D7: -160 | E7: -160 | F7: -160
A8: SPOTIFY | C8: -31.9 | D8: -31.9 | E8: -31.9 | F8: -31.9
A9: PRUDENT | C9: -293 | D9: -293 | E9: -293 | F9: -293
A10: SEGURO CARRO | C10: -131.54 | D10: -131.51 | E10: -131.51 | F10: -131.51
A11: Amazon | C11: -13.9 | D11: -13.9 | E11: -13.9 | F11: -13.9
A12: ARQUIVO LUCY | C12: -173.3
A13: JIM.COM | C13: -211.4

Sheet CONTAS
C1: =SUM(C3:C76) -> -4580.97 | D1: =SUM(D3:D76) -> -4580.97 | E1: =SUM(E3:E76) -> -4580.97 | F1: =SUM(F3:F76) -> -4232.97
A2: Descrição | B2: Etiqueta | C2: Setembro | D2: Outubro | E2: Novembro | F2: Dezembro
A3: Emprestimo | C3: -700.3 | D3: -700.3 | E3: -700.3 | F3: -700.3
A4: Emprestimo | C4: -475.15 | D4: -475.15 | E4: -475.15 | F4: -475.15
A5: CPF | C5: -345.58 | D5: -345.58 | E5: -345.58 | F5: -345.58
A6: Tx Bradesco | C6: -65.22 | D6: -65.22 | E6: -65.22 | F6: -65.22
A7: Claro | C7: -139.06 | D7: -139.06 | E7: -139.06 | F7: -139.06
A8: Apice | C8: -37.47 | D8: -37.47 | E8: -37.47 | F8: -37.47
A9: Agua | C9: -44.55 | D9: -44.55 | E9: -44.55 | F9: -44.55
A10: Weclix | C10: -109.79 | D10: -109.79 | E10: -109.79 | F10: -109.79
A11: IPTU | C11: -221.48 | D11: -221.48 | E11: -221.48 | F11: -221.48
A12: IPVA CARRO
A13: Escritorio | C13: -180 | D13: -180 | E13: -180 | F13: -180
A14: Darf | C14: -660 | D14: -660 | E14: -660 | F14: -660
A15: Doação | C15: -40 | D15: -40 | E15: -40 | F15: -40
A16: Liçença Carro
A17: Liçença Moto
A18: Net Casa Vanessa | C18: -130 | D18: -130 | E18: -130 | F18: -130
A19: SEGURO CASA | C19: -156.37 | D19: -156.37 | E19: -156.37 | F19: -156.37
A21: Escola Julia | C21: -1276 | D21: -1276 | E21: -1276 | F21: -928

Sheet PREVISÃO
C1: =SUM(C3:C58) -> 0 | D1: =SUM(D3:D58) -> -2000 | E1: =SUM(E3:E58) -> -2600 | F1: =SUM(F3:F58) -> -2600 | G1: =SUM(G3:G58) -> -2600
A2: Descrição | B2: Etiqueta | C2: Agosto | D2: Setembro | E2: Outubro | F2: Novembro | G2: Dezembro
A3: mercado | D3: -1400 | E3: -2000 | F3: -2000 | G3: -2000
A4: Combustivel | D4: -600 | E4: -600 | F4: -600 | G4: -600
