Workbook

Sheet BAGACEIRAS
A1: PV | B1: Item | C1: O.S. | D1: Item2 | E1: Cliente | F1: Peça | G1: Seq. | H1: Descrição | I1: Qtde. | J1: Prazo Fundido | K1: Semana Fundido | L1: Pz Fundido Real | M1: Prazo Entrega | N1: Pz Entrega Real | O1: Dias Falta2 | P1: Indicador | Q1: Semana Entrega | R1: CONDIÇÃO | S1: Desenho Previsão | T1: Des. | U1: Perfil | V1: Serrar | W1: S. Dura | X1: Encaixe | Y1: Fur. | Z1: Acab. | AA1: Liber. | AB1: Status Us. | AC1: Obs. | AD1: Plainar Facear | AE1: Serrar2 | AF1: Solda Dura2 | AG1: Encaixe / Furação | AH1: Acabam./ Inspeção
A2: 2199 | B2: 1 | C2: 27512 | D2: 1 | E2: Raizen Energia S.A - Bonfim | F2: 956055 | G2: 1 | H2: BAGACEIRA 78" | I2: 1 | J2: 46178 | K2: =WEEKNUM(Tabela1[[#This Row],[Prazo Fundido]]) -> 23 | L2: 46175 | M2: 46213 | N2: 46199 | O2: =Tabela1[[#This Row],[Prazo Entrega]]-TODAY() -> -6 | P2: =IF(O2<0,"ATRASADO",IF(O2<=15,"ATENÇÃO","NO PRAZO")) -> ATRASADO | Q2: =WEEKNUM(Tabela1[[#This Row],[Prazo Entrega]],1) -> 28 | R2: c/ usinagem | S2: OK | T2: OK | U2: OK | V2: OK | W2: - | X2: OK | Y2: OK | Z2: OK | AA2: OK | AB2: AG. COLETAR | AD2: 24 | AE2: =Tabela1[[#This Row],[Plainar Facear]]+1 -> 25 | AF2: n/a | AG2: =Tabela1[[#This Row],[Serrar2]]+1 -> 26 | AH2: =Tabela1[[#This Row],[Encaixe / Furação]]+1 -> 27
A3: 2199 | B3: 2 | C3: 27512 | D3: 2 | E3: Raizen Energia S.A - Bonfim | F3: 956056 | G3: 1 | H3: BAGACEIRA 78" | I3: 1 | J3: 46178 | K3: =WEEKNUM(Tabela1[[#This Row],[Prazo Fundido]]) -> 23 | L3: 46192 | M3: 46220 | O3: =Tabela1[[#This Row],[Prazo Entrega]]-TODAY() -> 1 | P3: =IF(O3<0,"ATRASADO",IF(O3<=15,"ATENÇÃO","NO PRAZO")) -> ATENÇÃO | Q3: =WEEKNUM(Tabela1[[#This Row],[Prazo Entrega]],1) -> 29 | R3: c/ usinagem | S3: OK | T3: OK | U3: OK | V3: OK | W3: - | X3: OK | Y3: OK | Z3: AND | AA3: AG | AB3: =IF(L3="","AG. FUNDIDO",IF(U3="AG","AG. USINAGEM","EM USINAGEM")) -> EM USINAGEM | AD3: 24 | AE3: =Tabela1[[#This Row],[Plainar Facear]]+1 -> 25 | AF3: n/a | AG3: =Tabela1[[#This Row],[Serrar2]]+1 -> 26 | AH3: =Tabela1[[#This Row],[Encaixe / Furação]]+1 -> 27
A4: 2199 | B4: 3 | C4: 27512 | D4: 3 | E4: Raizen Energia S.A - Bonfim | F4: 956057 | G4: 1 | H4: BAGACEIRA 78" | I4: 1 | J4: 46178 | K4: =WEEKNUM(Tabela1[[#This Row],[Prazo Fundido]]) -> 23 | L4: 46192 | M4: 46213 | N4: 46199 | O4: =Tabela1[[#This Row],[Prazo Entrega]]-TODAY() -> -6 | P4: =IF(O4<0,"ATRASADO",IF(O4<=15,"ATENÇÃO","NO PRAZO")) -> ATRASADO | Q4: =WEEKNUM(Tabela1[[#This Row],[Prazo Entrega]],1) -> 28 | R4: c/ usinagem | S4: OK | T4: OK | U4: OK | V4: OK | W4: - | X4: OK | Y4: OK | Z4: OK | AA4: AND | AB4: EM INSPEÇÃO | AD4: 24 | AE4: =Tabela1[[#This Row],[Plainar Facear]]+1 -> 25 | AF4: n/a | AG4: =Tabela1[[#This Row],[Serrar2]]+1 -> 26 | AH4: =Tabela1[[#This Row],[Encaixe / Furação]]+1 -> 27
A5: 2199 | B5: 4 | C5: 27512 | D5: 4 | E5: Raizen Energia S.A - Bonfim | F5: 956058 | G5: 1 | H5: BAGACEIRA 78" | I5: 1 | J5: 46178 | K5: =WEEKNUM(Tabela1[[#This Row],[Prazo Fundido]]) -> 23 | L5: 46192 | M5: 46227 | O5: =Tabela1[[#This Row],[Prazo Entrega]]-TODAY() -> 8 | P5: =IF(O5<0,"ATRASADO",IF(O5<=15,"ATENÇÃO","NO PRAZO")) -> ATENÇÃO | Q5: =WEEKNUM(Tabela1[[#This Row],[Prazo Entrega]],1) -> 30 | R5: c/ usinagem | S5: OK | T5: OK | U5: OK | V5: OK | W5: - | X5: OK | Y5: AG | Z5: AG | AA5: AG | AB5: =IF(L5="","AG. FUNDIDO",IF(U5="AG","AG. USINAGEM","EM USINAGEM")) -> EM USINAGEM | AD5: 24 | AE5: =Tabela1[[#This Row],[Plainar Facear]]+1 -> 25 | AF5: n/a | AG5: =Tabela1[[#This Row],[Serrar2]]+1 -> 26 | AH5: =Tabela1[[#This Row],[Encaixe / Furação]]+1 -> 27
A6: 2199 | B6: 5 | C6: 27512 | D6: 5 | E6: Raizen Energia S.A - Bonfim | F6: 956059 | G6: 1 | H6: BAGACEIRA 78" | I6: 1 | J6: 46178 | K6: =WEEKNUM(Tabela1[[#This Row],[Prazo Fundido]]) -> 23 | L6: 46192 | M6: 46227 | O6: =Tabela1[[#This Row],[Prazo Entrega]]-TODAY() -> 8 | P6: =IF(O6<0,"ATRASADO",IF(O6<=15,"ATENÇÃO","NO PRAZO")) -> ATENÇÃO | Q6: =WEEKNUM(Tabela1[[#This Row],[Prazo Entrega]],1) -> 30 | R6: c/ usinagem | S6: OK | T6: OK | U6: OK | V6: OK | W6: - | X6: OK | Y6: AG | Z6: AG | AA6: AG | AB6: =IF(L6="","AG. FUNDIDO",IF(U6="AG","AG. USINAGEM","EM USINAGEM")) -> EM USINAGEM | AC6: RNC 13891 - EXCESSO DE SOBREMETAL | AD6: 24 | AE6: =Tabela1[[#This Row],[Plainar Facear]]+1 -> 25 | AF6: n/a | AG6: =Tabela1[[#This Row],[Serrar2]]+1 -> 26 | AH6: =Tabela1[[#This Row],[Encaixe / Furação]]+1 -> 27
A7: 2199 | B7: 6 | C7: 27512 | D7: 6 | E7: Raizen Energia S.A - Bonfim | F7: 956060 | G7: 1 | H7: BAGACEIRA 78" | I7: 1 | J7: 46178 | K7: =WEEKNUM(Tabela1[[#This Row],[Prazo Fundido]]) -> 23 | L7: 46188 | M7: 46220 | O7: =Tabela1[[#This Row],[Prazo Entrega]]-TODAY() -> 1 | P7: =IF(O7<0,"ATRASADO",IF(O7<=15,"ATENÇÃO","NO PRAZO")) -> ATENÇÃO | Q7: =WEEKNUM(Tabela1[[#This Row],[Prazo Entrega]],1) -> 29 | R7: c/ usinagem | S7: OK | T7: OK | U7: OK | V7: OK | W7: - | X7: OK | Y7: OK | Z7: AND | AA7: AG | AB7: =IF(L7="","AG. FUNDIDO",IF(U7="AG","AG. USINAGEM","EM USINAGEM")) -> EM USINAGEM | AD7: 24 | AE7: =Tabela1[[#This Row],[Plainar Facear]]+1 -> 25 | AF7: n/a | AG7: =Tabela1[[#This Row],[Serrar2]]+1 -> 26 | AH7: =Tabela1[[#This Row],[Encaixe / Furação]]+1 -> 27
A8: 2199 | B8: 7 | C8: 27512 | D8: 7 | E8: Raizen Energia S.A - Bonfim | F8: 956061 | G8: 1 | H8: BAGACEIRA 78" | I8: 1 | J8: 46178 | K8: =WEEKNUM(Tabela1[[#This Row],[Prazo Fundido]]) -> 23 | L8: 46171 | M8: 46213 | N8: 46199 | O8: =Tabela1[[#This Row],[Prazo Entrega]]-TODAY() -> -6 | P8: =IF(O8<0,"ATRASADO",IF(O8<=15,"ATENÇÃO","NO PRAZO")) -> ATRASADO | Q8: =WEEKNUM(Tabela1[[#This Row],[Prazo Entrega]],1) -> 28 | R8: c/ usinagem | S8: OK | T8: OK | U8: OK | V8: OK | W8: - | X8: OK | Y8: OK | Z8: OK | AA8: OK | AB8: AG. COLETAR | AD8: 23 | AE8: =Tabela1[[#This Row],[Plainar Facear]]+1 -> 24 | AF8: n/a | AG8: =Tabela1[[#This Row],[Serrar2]]+1 -> 25 | AH8: =Tabela1[[#This Row],[Encaixe / Furação]]+1 -> 26
A9: 2199 | B9: 8 | C9: 27512 | D9: 8 | E9: Raizen Energia S.A - Bonfim | F9: 956062 | G9: 1 | H9: BAGACEIRA 78" | I9: 1 | J9: 46178 | K9: =WEEKNUM(Tabela1[[#This Row],[Prazo Fundido]]) -> 23 | L9: 46171 | M9: 46213 | N9: 46199 | O9: =Tabela1[[#This Row],[Prazo Entrega]]-TODAY() -> -6 | P9: =IF(O9<0,"ATRASADO",IF(O9<=15,"ATENÇÃO","NO PRAZO")) -> ATRASADO | Q9: =WEEKNUM(Tabela1[[#This Row],[Prazo Entrega]],1) -> 28 | R9: c/ usinagem | S9: OK | T9: OK | U9: OK | V9: OK | W9: - | X9: OK | Y9: OK | Z9: OK | AA9: OK | AB9: AG. COLETAR | AD9: 23 | AE9: =Tabela1[[#This Row],[Plainar Facear]]+1 -> 24 | AF9: n/a | AG9: =Tabela1[[#This Row],[Serrar2]]+1 -> 25 | AH9: =Tabela1[[#This Row],[Encaixe / Furação]]+1 -> 26
A10: 2199 | B10: 9 | C10: 27512 | D10: 9 | E10: Raizen Energia S.A - Bonfim | F10: 956063 | G10: 1 | H10: BAGACEIRA 78" | I10: 1 | J10: 46178 | K10: =WEEKNUM(Tabela1[[#This Row],[Prazo Fundido]]) -> 23 | L10: 46171 | M10: 46213 | N10: 46199 | O10: =Tabela1[[#This Row],[Prazo Entrega]]-TODAY() -> -6 | P10: =IF(O10<0,"ATRASADO",IF(O10<=15,"ATENÇÃO","NO PRAZO")) -> ATRASADO | Q10: =WEEKNUM(Tabela1[[#This Row],[Prazo Entrega]],1) -> 28 | R10: c/ usinagem | S10: OK | T10: OK | U10: OK | V10: OK | W10: - | X10: OK | Y10: OK | Z10: OK | AA10: OK | AB10: AG. COLETAR | AD10: 23 | AE10: =Tabela1[[#This Row],[Plainar Facear]]+1 -> 24 | AF10: n/a | AG10: =Tabela1[[#This Row],[Serrar2]]+1 -> 25 | AH10: =Tabela1[[#This Row],[Encaixe / Furação]]+1 -> 26
A11: 2199 | B11: 10 | C11: 27512 | D11: 10 | E11: Raizen Energia S.A - Bonfim | F11: 956064 | G11: 1 | H11: BAGACEIRA 78" | I11: 1 | J11: 46178 | K11: =WEEKNUM(Tabela1[[#This Row],[Prazo Fundido]]) -> 23 | L11: 46171 | M11: 46213 | N11: 46199 | O11: =Tabela1[[#This Row],[Prazo Entrega]]-TODAY() -> -6 | P11: =IF(O11<0,"ATRASADO",IF(O11<=15,"ATENÇÃO","NO PRAZO")) -> ATRASADO | Q11: =WEEKNUM(Tabela1[[#This Row],[Prazo Entrega]],1) -> 28 | R11: c/ usinagem | S11: OK | T11: OK | U11: OK | V11: OK | W11: - | X11: OK | Y11: OK | Z11: OK | AA11: OK | AB11: AG. COLETAR | AD11: 23 | AE11: =Tabela1[[#This Row],[Plainar Facear]]+1 -> 24 | AF11: n/a | AG11: =Tabela1[[#This Row],[Serrar2]]+1 -> 25 | AH11: =Tabela1[[#This Row],[Encaixe / Furação]]+1 -> 26
A12: 2201 | B12: 1 | C12: 27513 | D12: 1 | E12: Raizen Energia S.A. - Costa Pinto | F12: 1148030 | G12: 1 | H12: BAGACEIRA 78" | I12: 1 | J12: 46178 | K12: =WEEKNUM(Tabela1[[#This Row],[Prazo Fundido]]) -> 23 | L12: 46192 | M12: 46220 | O12: =Tabela1[[#This Row],[Prazo Entrega]]-TODAY() -> 1 | P12: =IF(O12<0,"ATRASADO",IF(O12<=15,"ATENÇÃO","NO PRAZO")) -> ATENÇÃO | Q12: =WEEKNUM(Tabela1[[#This Row],[Prazo Entrega]],1) -> 29 | R12: c/ usinagem | S12: OK | T12: OK | U12: OK | V12: OK | W12: - | X12: OK | Y12: OK | Z12: AND | AA12: AG | AB12: =IF(L12="","AG. FUNDIDO",IF(U12="AG","AG. USINAGEM","EM USINAGEM")) -> EM USINAGEM | AD12: 26 | AE12: =Tabela1[[#This Row],[Plainar Facear]]+1 -> 27 | AF12: n/a | AG12: =Tabela1[[#This Row],[Serrar2]]+1 -> 28 | AH12: =Tabela1[[#This Row],[Encaixe / Furação]]+1 -> 29
A13: 2201 | B13: 2 | C13: 27513 | D13: 2 | E13: Raizen Energia S.A. - Costa Pinto | F13: 1148031 | G13: 1 | H13: BAGACEIRA 78" | I13: 1 | J13: 46178 | K13: =WEEKNUM(Tabela1[[#This Row],[Prazo Fundido]]) -> 23 | L13: 46192 | M13: 46220 | O13: =Tabela1[[#This Row],[Prazo Entrega]]-TODAY() -> 1 | P13: =IF(O13<0,"ATRASADO",IF(O13<=15,"ATENÇÃO","NO PRAZO")) -> ATENÇÃO | Q13: =WEEKNUM(Tabela1[[#This Row],[Prazo Entrega]],1) -> 29 | R13: c/ usinagem | S13: OK | T13: OK | U13: OK | V13: OK | W13: - | X13: OK | Y13: OK | Z13: AND | AA13: AG | AB13: =IF(L13="","AG. FUNDIDO",IF(U13="AG","AG. USINAGEM","EM USINAGEM")) -> EM USINAGEM | AD13: 26 | AE13: =Tabela1[[#This Row],[Plainar Facear]]+1 -> 27 | AF13: n/a | AG13: =Tabela1[[#This Row],[Serrar2]]+1 -> 28 | AH13: =Tabela1[[#This Row],[Encaixe / Furação]]+1 -> 29
A14: 2201 | B14: 3 | C14: 27513 | D14: 3 | E14: Raizen Energia S.A. - Costa Pinto | F14: 1148032 | G14: 1 | H14: BAGACEIRA 78" | I14: 1 | J14: 46178 | K14: =WEEKNUM(Tabela1[[#This Row],[Prazo Fundido]]) -> 23 | L14: 46189 | M14: 46220 | O14: =Tabela1[[#This Row],[Prazo Entrega]]-TODAY() -> 1 | P14: =IF(O14<0,"ATRASADO",IF(O14<=15,"ATENÇÃO","NO PRAZO")) -> ATENÇÃO | Q14: =WEEKNUM(Tabela1[[#This Row],[Prazo Entrega]],1) -> 29 | R14: c/ usinagem | S14: OK | T14: OK | U14: OK | V14: OK | W14: - | X14: OK | Y14: OK | Z14: AND | AA14: AG | AB14: =IF(L14="","AG. FUNDIDO",IF(U14="AG","AG. USINAGEM","EM USINAGEM")) -> EM USINAGEM | AD14: 26 | AE14: =Tabela1[[#This Row],[Plainar Facear]]+1 -> 27 | AF14: n/a | AG14: =Tabela1[[#This Row],[Serrar2]]+1 -> 28 | AH14: =Tabela1[[#This Row],[Encaixe / Furação]]+1 -> 29
A15: 2199 | B15: 11 | C15: 27512 | D15: 11 | E15: Raizen Energia S.A - Bonfim | F15: 956065 | G15: 1 | H15: BAGACEIRA 78" | I15: 1 | J15: 46178 | K15: =WEEKNUM(Tabela1[[#This Row],[Prazo Fundido]]) -> 23 | L15: 46175 | M15: 46220 | O15: =Tabela1[[#This Row],[Prazo Entrega]]-TODAY() -> 1 | P15: =IF(O15<0,"ATRASADO",IF(O15<=15,"ATENÇÃO","NO PRAZO")) -> ATENÇÃO | Q15: =WEEKNUM(Tabela1[[#This Row],[Prazo Entrega]],1) -> 29 | R15: c/ usinagem | S15: OK | T15: OK | U15: OK | V15: AG | W15: - | X15: AG | Y15: AG | Z15: AG | AA15: AG | AB15: =IF(L15="","AG. FUNDIDO",IF(U15="AG","AG. USINAGEM","EM USINAGEM")) -> EM USINAGEM | AC15: PARALISADO PARA SERRAR DENTES. LIBERADO SERRAR DIA 07/07/2026 NECESSARIO REUSINAR PERFIL | AD15: 26 | AE15: =Tabela1[[#This Row],[Plainar Facear]]+1 -> 27 | AF15: n/a | AG15: =Tabela1[[#This Row],[Serrar2]]+1 -> 28 | AH15: =Tabela1[[#This Row],[Encaixe / Furação]]+1 -> 29
A16: 2199 | B16: 12 | C16: 27512 | D16: 12 | E16: Raizen Energia S.A - Bonfim | F16: 956066 | G16: 1 | H16: BAGACEIRA 78" | I16: 1 | J16: 46178 | K16: =WEEKNUM(Tabela1[[#This Row],[Prazo Fundido]]) -> 23 | L16: 46175 | M16: 46227 | O16: =Tabela1[[#This Row],[Prazo Entrega]]-TODAY() -> 8 | P16: =IF(O16<0,"ATRASADO",IF(O16<=15,"ATENÇÃO","NO PRAZO")) -> ATENÇÃO | Q16: =WEEKNUM(Tabela1[[#This Row],[Prazo Entrega]],1) -> 30 | R16: c/ usinagem | S16: OK | T16: OK | U16: OK | V16: OK | W16: - | X16: OK | Y16: AG | Z16: AG | AA16: AG | AB16: EM USINAGEM | AD16: 26 | AE16: =Tabela1[[#This Row],[Plainar Facear]]+1 -> 27 | AF16: n/a | AG16: =Tabela1[[#This Row],[Serrar2]]+1 -> 28 | AH16: =Tabela1[[#This Row],[Encaixe / Furação]]+1 -> 29
A17: 2201 | B17: 4 | C17: 27513 | D17: 4 | E17: Raizen Energia S.A. - Costa Pinto | F17: 1148033 | G17: 1 | H17: BAGACEIRA 78" | I17: 1 | J17: 46185 | K17: =WEEKNUM(Tabela1[[#This Row],[Prazo Fundido]]) -> 24 | L17: 46175 | M17: 46213 | N17: 46199 | O17: =Tabela1[[#This Row],[Prazo Entrega]]-TODAY() -> -6 | P17: =IF(O17<0,"ATRASADO",IF(O17<=15,"ATENÇÃO","NO PRAZO")) -> ATRASADO | Q17: =WEEKNUM(Tabela1[[#This Row],[Prazo Entrega]],1) -> 28 | R17: c/ usinagem | S17: OK | T17: OK | U17: OK | V17: OK | W17: - | X17: OK | Y17: OK | Z17: OK | AA17: OK | AB17: AG. COLETAR | AD17: 26 | AE17: =Tabela1[[#This Row],[Plainar Facear]]+1 -> 27 | AF17: n/a | AG17: =Tabela1[[#This Row],[Serrar2]]+1 -> 28 | AH17: =Tabela1[[#This Row],[Encaixe / Furação]]+1 -> 29
A18: 2201 | B18: 5 | C18: 27513 | D18: 5 | E18: Raizen Energia S.A. - Costa Pinto | F18: 1148034 | G18: 1 | H18: BAGACEIRA 78" | I18: 1 | J18: 46185 | K18: =WEEKNUM(Tabela1[[#This Row],[Prazo Fundido]]) -> 24 | L18: 46175 | M18: 46213 | N18: 46199 | O18: =Tabela1[[#This Row],[Prazo Entrega]]-TODAY() -> -6 | P18: =IF(O18<0,"ATRASADO",IF(O18<=15,"ATENÇÃO","NO PRAZO")) -> ATRASADO | Q18: =WEEKNUM(Tabela1[[#This Row],[Prazo Entrega]],1) -> 28 | R18: c/ usinagem | S18: OK | T18: OK | U18: OK | V18: OK | W18: - | X18: OK | Y18: OK | Z18: OK | AA18: OK | AB18: AG. COLETAR | AD18: 26 | AE18: =Tabela1[[#This Row],[Plainar Facear]]+1 -> 27 | AF18: n/a | AG18: =Tabela1[[#This Row],[Serrar2]]+1 -> 28 | AH18: =Tabela1[[#This Row],[Encaixe / Furação]]+1 -> 29
A19: 2201 | B19: 6 | C19: 27513 | D19: 6 | E19: Raizen Energia S.A. - Costa Pinto | F19: 1148035 | G19: 1 | H19: BAGACEIRA 78" | I19: 1 | J19: 46185 | K19: =WEEKNUM(Tabela1[[#This Row],[Prazo Fundido]]) -> 24 | L19: 46175 | M19: 46213 | N19: 46199 | O19: =Tabela1[[#This Row],[Prazo Entrega]]-TODAY() -> -6 | P19: =IF(O19<0,"ATRASADO",IF(O19<=15,"ATENÇÃO","NO PRAZO")) -> ATRASADO | Q19: =WEEKNUM(Tabela1[[#This Row],[Prazo Entrega]],1) -> 28 | R19: c/ usinagem | S19: OK | T19: OK | U19: OK | V19: OK | W19: - | X19: OK | Y19: OK | Z19: OK | AA19: OK | AB19: AG. COLETAR | AD19: 26 | AE19: =Tabela1[[#This Row],[Plainar Facear]]+1 -> 27 | AF19: n/a | AG19: =Tabela1[[#This Row],[Serrar2]]+1 -> 28 | AH19: =Tabela1[[#This Row],[Encaixe / Furação]]+1 -> 29
A20: 2201 | B20: 7 | C20: 27513 | D20: 7 | E20: Raizen Energia S.A. - Costa Pinto | F20: 1148036 | G20: 1 | H20: BAGACEIRA 78" | I20: 1 | J20: 46185 | K20: =WEEKNUM(Tabela1[[#This Row],[Prazo Fundido]]) -> 24 | L20: 46206 | M20: 46227 | O20: =Tabela1[[#This Row],[Prazo Entrega]]-TODAY() -> 8 | P20: =IF(O20<0,"ATRASADO",IF(O20<=15,"ATENÇÃO","NO PRAZO")) -> ATENÇÃO | Q20: =WEEKNUM(Tabela1[[#This Row],[Prazo Entrega]],1) -> 30 | R20: c/ usinagem | S20: OK | T20: OK | U20: OK | V20: OK | W20: - | X20: AND | Y20: AG | Z20: AG | AA20: AG | AB20: =IF(L20="","AG. FUNDIDO",IF(U20="AG","AG. USINAGEM","EM USINAGEM")) -> EM USINAGEM | AD20: 26 | AE20: =Tabela1[[#This Row],[Plainar Facear]]+1 -> 27 | AF20: n/a | AG20: =Tabela1[[#This Row],[Serrar2]]+1 -> 28 | AH20: =Tabela1[[#This Row],[Encaixe / Furação]]+1 -> 29
A21: 2201 | B21: 8 | C21: 27513 | D21: 8 | E21: Raizen Energia S.A. - Costa Pinto | F21: 1148037 | G21: 1 | H21: BAGACEIRA 78" | I21: 1 | J21: 46185 | K21: =WEEKNUM(Tabela1[[#This Row],[Prazo Fundido]]) -> 24 | L21: 46206 | M21: 46220 | O21: =Tabela1[[#This Row],[Prazo Entrega]]-TODAY() -> 1 | P21: =IF(O21<0,"ATRASADO",IF(O21<=15,"ATENÇÃO","NO PRAZO")) -> ATENÇÃO | Q21: =WEEKNUM(Tabela1[[#This Row],[Prazo Entrega]],1) -> 29 | R21: c/ usinagem | S21: OK | T21: OK | U21: OK | V21: AND | W21: - | X21: AG | Y21: AG | Z21: AG | AA21: AG | AB21: =IF(L21="","AG. FUNDIDO",IF(U21="AG","AG. USINAGEM","EM USINAGEM")) -> EM USINAGEM | AD21: 26 | AE21: =Tabela1[[#This Row],[Plainar Facear]]+1 -> 27 | AF21: n/a | AG21: =Tabela1[[#This Row],[Serrar2]]+1 -> 28 | AH21: =Tabela1[[#This Row],[Encaixe / Furação]]+1 -> 29
A22: 2203 | B22: 1 | C22: 27515 | D22: 1 | E22: Raizen Energia S.A - Ipaussu | F22: 958022 | G22: 1 | H22: BAGACEIRA 78" | I22: 1 | J22: 46185 | K22: =WEEKNUM(Tabela1[[#This Row],[Prazo Fundido]]) -> 24 | L22: 46189 | M22: 46227 | O22: =Tabela1[[#This Row],[Prazo Entrega]]-TODAY() -> 8 | P22: =IF(O22<0,"ATRASADO",IF(O22<=15,"ATENÇÃO","NO PRAZO")) -> ATENÇÃO | Q22: =WEEKNUM(Tabela1[[#This Row],[Prazo Entrega]],1) -> 30 | R22: c/ usinagem | S22: OK | T22: OK | U22: AND | V22: AG | W22: - | X22: AG | Y22: AG | Z22: AG | AA22: AG | AB22: =IF(L22="","AG. FUNDIDO",IF(U22="AG","AG. USINAGEM","EM USINAGEM")) -> EM USINAGEM | AD22: 25 | AE22: =Tabela1[[#This Row],[Plainar Facear]]+1 -> 26 | AF22: n/a | AG22: =Tabela1[[#This Row],[Serrar2]]+1 -> 27 | AH22: =Tabela1[[#This Row],[Encaixe / Furação]]+1 -> 28
A23: 2203 | B23: 2 | C23: 27515 | D23: 2 | E23: Raizen Energia S.A - Ipaussu | F23: 958023 | G23: 1 | H23: BAGACEIRA 78" | I23: 1 | J23: 46185 | K23: =WEEKNUM(Tabela1[[#This Row],[Prazo Fundido]]) -> 24 | L23: 46190 | M23: 46227 | O23: =Tabela1[[#This Row],[Prazo Entrega]]-TODAY() -> 8 | P23: =IF(O23<0,"ATRASADO",IF(O23<=15,"ATENÇÃO","NO PRAZO")) -> ATENÇÃO | Q23: =WEEKNUM(Tabela1[[#This Row],[Prazo Entrega]],1) -> 30 | R23: c/ usinagem | S23: OK | T23: OK | U23: AG | V23: AG | W23: - | X23: AG | Y23: AG | Z23: AG | AA23: AG | AB23: =IF(L23="","AG. FUNDIDO",IF(U23="AG","AG. USINAGEM","EM USINAGEM")) -> AG. USINAGEM | AD23: 25 | AE23: =Tabela1[[#This Row],[Plainar Facear]]+1 -> 26 | AF23: n/a | AG23: =Tabela1[[#This Row],[Serrar2]]+1 -> 27 | AH23: =Tabela1[[#This Row],[Encaixe / Furação]]+1 -> 28
A24: 2227 | B24: 14 | C24: 27528 | D24: 14 | E24: MS Internacional | F24: 1454055 | G24: 1 | H24: BAGACEIRA 84" | I24: 1 | J24: 46190 | K24: =WEEKNUM(Tabela1[[#This Row],[Prazo Fundido]]) -> 25 | L24: 46184 | M24: 46210 | O24: =Tabela1[[#This Row],[Prazo Entrega]]-TODAY() -> -9 | P24: OK | Q24: =WEEKNUM(Tabela1[[#This Row],[Prazo Entrega]],1) -> 28 | R24: c/ usinagem | S24: OK | T24: OK | U24: OK | V24: OK | W24: - | X24: OK | Y24: OK | Z24: OK | AA24: OK | AB24: AG. COLETAR | AD24: 25 | AE24: =Tabela1[[#This Row],[Plainar Facear]]+1 -> 26 | AF24: n/a | AG24: =Tabela1[[#This Row],[Serrar2]]+1 -> 27 | AH24: =Tabela1[[#This Row],[Encaixe / Furação]]+1 -> 28
A25: 2227 | B25: 15 | C25: 27528 | D25: 15 | E25: MS Internacional | F25: 1454055 | G25: 2 | H25: BAGACEIRA 84" | I25: 1 | J25: 46190 | K25: =WEEKNUM(Tabela1[[#This Row],[Prazo Fundido]]) -> 25 | L25: 46184 | M25: 46210 | O25: =Tabela1[[#This Row],[Prazo Entrega]]-TODAY() -> -9 | P25: OK | Q25: =WEEKNUM(Tabela1[[#This Row],[Prazo Entrega]],1) -> 28 | R25: c/ usinagem | S25: OK | T25: OK | U25: OK | V25: OK | W25: - | X25: OK | Y25: OK | Z25: OK | AA25: OK | AB25: AG. COLETAR | AD25: 25 | AE25: =Tabela1[[#This Row],[Plainar Facear]]+1 -> 26 | AF25: n/a | AG25: =Tabela1[[#This Row],[Serrar2]]+1 -> 27 | AH25: =Tabela1[[#This Row],[Encaixe / Furação]]+1 -> 28
A26: 2227 | B26: 17 | C26: 27528 | D26: 17 | E26: MS Internacional | F26: 1454056 | G26: 2 | H26: BAGACEIRA 84" | I26: 1 | J26: 46190 | K26: =WEEKNUM(Tabela1[[#This Row],[Prazo Fundido]]) -> 25 | L26: 46184 | M26: 46210 | O26: =Tabela1[[#This Row],[Prazo Entrega]]-TODAY() -> -9 | P26: OK | Q26: =WEEKNUM(Tabela1[[#This Row],[Prazo Entrega]],1) -> 28 | R26: c/ usinagem | S26: OK | T26: OK | U26: OK | V26: OK | W26: - | X26: OK | Y26: OK | Z26: OK | AA26: OK | AB26: AG. COLETAR | AD26: 25 | AE26: =Tabela1[[#This Row],[Plainar Facear]]+1 -> 26 | AF26: n/a | AG26: =Tabela1[[#This Row],[Serrar2]]+1 -> 27 | AH26: =Tabela1[[#This Row],[Encaixe / Furação]]+1 -> 28
A27: 2227 | B27: 18 | C27: 27528 | D27: 18 | E27: MS Internacional | F27: 1454056 | G27: 1 | H27: BAGACEIRA 84" | I27: 1 | J27: 46190 | K27: =WEEKNUM(Tabela1[[#This Row],[Prazo Fundido]]) -> 25 | L27: 46184 | M27: 46210 | O27: =Tabela1[[#This Row],[Prazo Entrega]]-TODAY() -> -9 | P27: OK | Q27: =WEEKNUM(Tabela1[[#This Row],[Prazo Entrega]],1) -> 28 | R27: c/ usinagem | S27: OK | T27: OK | U27: OK | V27: OK | W27: - | X27: OK | Y27: OK | Z27: OK | AA27: OK | AB27: AG. COLETAR | AD27: 25 | AE27: =Tabela1[[#This Row],[Plainar Facear]]+1 -> 26 | AF27: n/a | AG27: =Tabela1[[#This Row],[Serrar2]]+1 -> 27 | AH27: =Tabela1[[#This Row],[Encaixe / Furação]]+1 -> 28
A28: 2227 | B28: 19 | C28: 27528 | D28: 19 | E28: MS Internacional | F28: 1454057 | G28: 1 | H28: BAGACEIRA 84" | I28: 1 | J28: 46190 | K28: =WEEKNUM(Tabela1[[#This Row],[Prazo Fundido]]) -> 25 | L28: 46184 | M28: 46210 | O28: =Tabela1[[#This Row],[Prazo Entrega]]-TODAY() -> -9 | P28: OK | Q28: =WEEKNUM(Tabela1[[#This Row],[Prazo Entrega]],1) -> 28 | R28: c/ usinagem | S28: OK | T28: OK | U28: OK | V28: OK | W28: - | X28: OK | Y28: OK | Z28: OK | AA28: OK | AB28: AG. COLETAR | AD28: 25 | AE28: =Tabela1[[#This Row],[Plainar Facear]]+1 -> 26 | AF28: n/a | AG28: =Tabela1[[#This Row],[Serrar2]]+1 -> 27 | AH28: =Tabela1[[#This Row],[Encaixe / Furação]]+1 -> 28
A29: 2227 | B29: 20 | C29: 27528 | D29: 20 | E29: MS Internacional | F29: 1454057 | G29: 2 | H29: BAGACEIRA 84" | I29: 1 | J29: 46190 | K29: =WEEKNUM(Tabela1[[#This Row],[Prazo Fundido]]) -> 25 | L29: 46184 | M29: 46210 | O29: =Tabela1[[#This Row],[Prazo Entrega]]-TODAY() -> -9 | P29: OK | Q29: =WEEKNUM(Tabela1[[#This Row],[Prazo Entrega]],1) -> 28 | R29: c/ usinagem | S29: OK | T29: OK | U29: OK | V29: OK | W29: - | X29: OK | Y29: OK | Z29: OK | AA29: OK | AB29: AG. COLETAR | AD29: 25 | AE29: =Tabela1[[#This Row],[Plainar Facear]]+1 -> 26 | AF29: n/a | AG29: =Tabela1[[#This Row],[Serrar2]]+1 -> 27 | AH29: =Tabela1[[#This Row],[Encaixe / Furação]]+1 -> 28
A30: 2203 | B30: 3 | C30: 27515 | D30: 3 | E30: Raizen Energia S.A - Ipaussu | F30: 958024 | G30: 1 | H30: BAGACEIRA 78" | I30: 1 | J30: 46185 | K30: =WEEKNUM(Tabela1[[#This Row],[Prazo Fundido]]) -> 24 | L30: 46192 | M30: 46227 | O30: =Tabela1[[#This Row],[Prazo Entrega]]-TODAY() -> 8 | P30: =IF(O30<0,"ATRASADO",IF(O30<=15,"ATENÇÃO","NO PRAZO")) -> ATENÇÃO | Q30: =WEEKNUM(Tabela1[[#This Row],[Prazo Entrega]],1) -> 30 | R30: c/ usinagem | S30: OK | T30: OK | U30: OK | V30: AG | W30: - | X30: AG | Y30: AG | Z30: AG | AA30: AG | AB30: =IF(L30="","AG. FUNDIDO",IF(U30="AG","AG. USINAGEM","EM USINAGEM")) -> EM USINAGEM | AD30: 27 | AE30: =Tabela1[[#This Row],[Plainar Facear]]+1 -> 28 | AF30: n/a | AG30: =Tabela1[[#This Row],[Serrar2]]+1 -> 29 | AH30: =Tabela1[[#This Row],[Encaixe / Furação]]+1 -> 30
A31: 2202 | B31: 1 | C31: 27514 | D31: 1 | E31: Raizen Energia S.A - Diamante | F31: 1256014 | G31: 1 | H31: BAGACEIRA 78" | I31: 1 | J31: 46185 | K31: =WEEKNUM(Tabela1[[#This Row],[Prazo Fundido]]) -> 24 | L31: 46175 | M31: 46213 | N31: 46199 | O31: =Tabela1[[#This Row],[Prazo Entrega]]-TODAY() -> -6 | P31: =IF(O31<0,"ATRASADO",IF(O31<=15,"ATENÇÃO","NO PRAZO")) -> ATRASADO | Q31: =WEEKNUM(Tabela1[[#This Row],[Prazo Entrega]],1) -> 28 | R31: c/ usinagem | S31: OK | T31: OK | U31: OK | V31: OK | W31: - | X31: OK | Y31: OK | Z31: OK | AA31: OK | AB31: AG. COLETAR | AD31: 27 | AE31: =Tabela1[[#This Row],[Plainar Facear]]+1 -> 28 | AF31: n/a | AG31: =Tabela1[[#This Row],[Serrar2]]+1 -> 29 | AH31: =Tabela1[[#This Row],[Encaixe / Furação]]+1 -> 30
A32: 2202 | B32: 2 | C32: 27514 | D32: 2 | E32: Raizen Energia S.A - Diamante | F32: 1256015 | G32: 1 | H32: BAGACEIRA 78" | I32: 1 | J32: 46185 | K32: =WEEKNUM(Tabela1[[#This Row],[Prazo Fundido]]) -> 24 | L32: 46175 | M32: 46220 | O32: =Tabela1[[#This Row],[Prazo Entrega]]-TODAY() -> 1 | P32: =IF(O32<0,"ATRASADO",IF(O32<=15,"ATENÇÃO","NO PRAZO")) -> ATENÇÃO | Q32: =WEEKNUM(Tabela1[[#This Row],[Prazo Entrega]],1) -> 29 | R32: c/ usinagem | S32: OK | T32: OK | U32: OK | V32: OK | W32: - | X32: OK | Y32: OK | Z32: AND | AA32: AG | AB32: =IF(L32="","AG. FUNDIDO",IF(U32="AG","AG. USINAGEM","EM USINAGEM")) -> EM USINAGEM | AD32: 27 | AE32: =Tabela1[[#This Row],[Plainar Facear]]+1 -> 28 | AF32: n/a | AG32: =Tabela1[[#This Row],[Serrar2]]+1 -> 29 | AH32: =Tabela1[[#This Row],[Encaixe / Furação]]+1 -> 30
A33: 2202 | B33: 3 | C33: 27514 | D33: 3 | E33: Raizen Energia S.A - Diamante | F33: 1256016 | G33: 1 | H33: BAGACEIRA 78" | I33: 1 | J33: 46185 | K33: =WEEKNUM(Tabela1[[#This Row],[Prazo Fundido]]) -> 24 | L33: 46175 | M33: 46227 | O33: =Tabela1[[#This Row],[Prazo Entrega]]-TODAY() -> 8 | P33: =IF(O33<0,"ATRASADO",IF(O33<=15,"ATENÇÃO","NO PRAZO")) -> ATENÇÃO | Q33: =WEEKNUM(Tabela1[[#This Row],[Prazo Entrega]],1) -> 30 | R33: c/ usinagem | S33: OK | T33: OK | U33: OK | V33: AG | W33: - | X33: AG | Y33: AG | Z33: AG | AA33: AG | AB33: =IF(L33="","AG. FUNDIDO",IF(U33="AG","AG. USINAGEM","EM USINAGEM")) -> EM USINAGEM | AD33: 27 | AE33: =Tabela1[[#This Row],[Plainar Facear]]+1 -> 28 | AF33: n/a | AG33: =Tabela1[[#This Row],[Serrar2]]+1 -> 29 | AH33: =Tabela1[[#This Row],[Encaixe / Furação]]+1 -> 30
A34: 2202 | B34: 4 | C34: 27514 | D34: 4 | E34: Raizen Energia S.A - Diamante | F34: 1256017 | G34: 1 | H34: BAGACEIRA 78" | I34: 1 | J34: 46185 | K34: =WEEKNUM(Tabela1[[#This Row],[Prazo Fundido]]) -> 24 | L34: 46175 | M34: 46220 | O34: =Tabela1[[#This Row],[Prazo Entrega]]-TODAY() -> 1 | P34: =IF(O34<0,"ATRASADO",IF(O34<=15,"ATENÇÃO","NO PRAZO")) -> ATENÇÃO | Q34: =WEEKNUM(Tabela1[[#This Row],[Prazo Entrega]],1) -> 29 | R34: c/ usinagem | S34: OK | T34: OK | U34: OK | V34: OK | W34: - | X34: OK | Y34: OK | Z34: AND | AA34: AG | AB34: =IF(L34="","AG. FUNDIDO",IF(U34="AG","AG. USINAGEM","EM USINAGEM")) -> EM USINAGEM | AD34: 27 | AE34: =Tabela1[[#This Row],[Plainar Facear]]+1 -> 28 | AF34: n/a | AG34: =Tabela1[[#This Row],[Serrar2]]+1 -> 29 | AH34: =Tabela1[[#This Row],[Encaixe / Furação]]+1 -> 30
A35: 2202 | B35: 5 | C35: 27514 | D35: 5 | E35: Raizen Energia S.A - Diamante | F35: 1256018 | G35: 1 | H35: BAGACEIRA 78" | I35: 1 | J35: 46185 | K35: =WEEKNUM(Tabela1[[#This Row],[Prazo Fundido]]) -> 24 | L35: 46175 | M35: 46227 | O35: =Tabela1[[#This Row],[Prazo Entrega]]-TODAY() -> 8 | P35: =IF(O35<0,"ATRASADO",IF(O35<=15,"ATENÇÃO","NO PRAZO")) -> ATENÇÃO | Q35: =WEEKNUM(Tabela1[[#This Row],[Prazo Entrega]],1) -> 30 | R35: c/ usinagem | S35: OK | T35: OK | U35: OK | V35: OK | W35: - | X35: AG | Y35: AG | Z35: AG | AA35: AG | AB35: =IF(L35="","AG. FUNDIDO",IF(U35="AG","AG. USINAGEM","EM USINAGEM")) -> EM USINAGEM | AD35: 27 | AE35: =Tabela1[[#This Row],[Plainar Facear]]+1 -> 28 | AF35: n/a | AG35: =Tabela1[[#This Row],[Serrar2]]+1 -> 29 | AH35: =Tabela1[[#This Row],[Encaixe / Furação]]+1 -> 30
A36: 2201 | B36: 9 | C36: 27513 | D36: 9 | E36: Raizen Energia S.A. - Costa Pinto | F36: 1148038 | G36: 1 | H36: BAGACEIRA 78" | I36: 1 | J36: 46185 | K36: =WEEKNUM(Tabela1[[#This Row],[Prazo Fundido]]) -> 24 | L36: 46189 | M36: 46220 | O36: =Tabela1[[#This Row],[Prazo Entrega]]-TODAY() -> 1 | P36: =IF(O36<0,"ATRASADO",IF(O36<=15,"ATENÇÃO","NO PRAZO")) -> ATENÇÃO | Q36: =WEEKNUM(Tabela1[[#This Row],[Prazo Entrega]],1) -> 29 | R36: c/ usinagem | S36: OK | T36: OK | U36: OK | V36: OK | W36: - | X36: OK | Y36: OK | Z36: AND | AA36: AG | AB36: =IF(L36="","AG. FUNDIDO",IF(U36="AG","AG. USINAGEM","EM USINAGEM")) -> EM USINAGEM | AD36: 27 | AE36: =Tabela1[[#This Row],[Plainar Facear]]+1 -> 28 | AF36: n/a | AG36: =Tabela1[[#This Row],[Serrar2]]+1 -> 29 | AH36: =Tabela1[[#This Row],[Encaixe / Furação]]+1 -> 30
A37: 2201 | B37: 10 | C37: 27513 | D37: 10 | E37: Raizen Energia S.A. - Costa Pinto | F37: 1148039 | G37: 1 | H37: BAGACEIRA 84" | I37: 1 | J37: 46185 | K37: =WEEKNUM(Tabela1[[#This Row],[Prazo Fundido]]) -> 24 | L37: 46192 | M37: 46227 | O37: =Tabela1[[#This Row],[Prazo Entrega]]-TODAY() -> 8 | P37: =IF(O37<0,"ATRASADO",IF(O37<=15,"ATENÇÃO","NO PRAZO")) -> ATENÇÃO | Q37: =WEEKNUM(Tabela1[[#This Row],[Prazo Entrega]],1) -> 30 | R37: c/ usinagem | S37: OK | T37: OK | U37: AG | V37: AG | W37: - | X37: AG | Y37: AG | Z37: AG | AA37: AG | AB37: =IF(L37="","AG. FUNDIDO",IF(U37="AG","AG. USINAGEM","EM USINAGEM")) -> AG. USINAGEM | AC37: RNC 13892 - BAGACEIRA CÓD. 1148039 - REFUGADA POR FALTA DE MATERIAL. | AD37: 27 | AE37: =Tabela1[[#This Row],[Plainar Facear]]+1 -> 28 | AF37: n/a | AG37: =Tabela1[[#This Row],[Serrar2]]+1 -> 29 | AH37: =Tabela1[[#This Row],[Encaixe / Furação]]+1 -> 30
A38: 2205 | B38: 1 | C38: 27517 | D38: 1 | E38: Raizen Energia S.A. - Paraiso | F38: 1483008 | G38: 1 | H38: BAGACEIRA 78" | I38: 1 | J38: 46192 | K38: =WEEKNUM(Tabela1[[#This Row],[Prazo Fundido]]) -> 25 | L38: 46175 | M38: 46234 | O38: =Tabela1[[#This Row],[Prazo Entrega]]-TODAY() -> 15 | P38: =IF(O38<0,"ATRASADO",IF(O38<=15,"ATENÇÃO","NO PRAZO")) -> ATENÇÃO | Q38: =WEEKNUM(Tabela1[[#This Row],[Prazo Entrega]],1) -> 31 | R38: c/ usinagem | S38: OK | T38: OK | U38: OK | V38: AG | W38: - | X38: AG | Y38: AG | Z38: AG | AA38: AG | AB38: =IF(L38="","AG. FUNDIDO",IF(U38="AG","AG. USINAGEM","EM USINAGEM")) -> EM USINAGEM | AD38: 27 | AE38: =Tabela1[[#This Row],[Plainar Facear]]+1 -> 28 | AF38: n/a | AG38: =Tabela1[[#This Row],[Serrar2]]+1 -> 29 | AH38: =Tabela1[[#This Row],[Encaixe / Furação]]+1 -> 30
A39: 2204 | B39: 1 | C39: 27516 | D39: 1 | E39: Raizen Energia S.A - Lagoa da Prata | F39: 1334017 | G39: 1 | H39: BAGACEIRA 78" | I39: 1 | J39: 46192 | K39: =WEEKNUM(Tabela1[[#This Row],[Prazo Fundido]]) -> 25 | L39: 46233 | M39: 46234 | O39: =Tabela1[[#This Row],[Prazo Entrega]]-TODAY() -> 15 | P39: =IF(O39<0,"ATRASADO",IF(O39<=15,"ATENÇÃO","NO PRAZO")) -> ATENÇÃO | Q39: =WEEKNUM(Tabela1[[#This Row],[Prazo Entrega]],1) -> 31 | R39: c/ usinagem | S39: OK | T39: OK | U39: AG | V39: AG | W39: - | X39: AG | Y39: AG | Z39: AG | AA39: AG | AB39: AG. USINAGEM | AD39: 27 | AE39: =Tabela1[[#This Row],[Plainar Facear]]+1 -> 28 | AF39: n/a | AG39: =Tabela1[[#This Row],[Serrar2]]+1 -> 29 | AH39: =Tabela1[[#This Row],[Encaixe / Furação]]+1 -> 30
A40: 2204 | B40: 2 | C40: 27516 | D40: 2 | E40: Raizen Energia S.A - Lagoa da Prata | F40: 1334018 | G40: 1 | H40: BAGACEIRA 78" | I40: 1 | J40: 46192 | K40: =WEEKNUM(Tabela1[[#This Row],[Prazo Fundido]]) -> 25 | L40: 46217 | M40: 46234 | O40: =Tabela1[[#This Row],[Prazo Entrega]]-TODAY() -> 15 | P40: =IF(O40<0,"ATRASADO",IF(O40<=15,"ATENÇÃO","NO PRAZO")) -> ATENÇÃO | Q40: =WEEKNUM(Tabela1[[#This Row],[Prazo Entrega]],1) -> 31 | R40: c/ usinagem | S40: OK | T40: OK | U40: AG | V40: AG | W40: - | X40: AG | Y40: AG | Z40: AG | AA40: AG | AB40: =IF(L40="","AG. FUNDIDO",IF(U40="AG","AG. USINAGEM","EM USINAGEM")) -> AG. USINAGEM | AD40: 28 | AE40: =Tabela1[[#This Row],[Plainar Facear]]+1 -> 29 | AF40: n/a | AG40: =Tabela1[[#This Row],[Serrar2]]+1 -> 30 | AH40: =Tabela1[[#This Row],[Encaixe / Furação]]+1 -> 31
A41: 2204 | B41: 3 | C41: 27516 | D41: 3 | E41: Raizen Energia S.A - Lagoa da Prata | F41: 1334019 | G41: 1 | H41: BAGACEIRA 78" | I41: 1 | J41: 46192 | K41: =WEEKNUM(Tabela1[[#This Row],[Prazo Fundido]]) -> 25 | L41: 46175 | M41: 46234 | O41: =Tabela1[[#This Row],[Prazo Entrega]]-TODAY() -> 15 | P41: =IF(O41<0,"ATRASADO",IF(O41<=15,"ATENÇÃO","NO PRAZO")) -> ATENÇÃO | Q41: =WEEKNUM(Tabela1[[#This Row],[Prazo Entrega]],1) -> 31 | R41: c/ usinagem | S41: OK | T41: OK | U41: AG | V41: AG | W41: - | X41: AG | Y41: AG | Z41: AG | AA41: AG | AB41: =IF(L41="","AG. FUNDIDO",IF(U41="AG","AG. USINAGEM","EM USINAGEM")) -> AG. USINAGEM | AD41: 28 | AE41: =Tabela1[[#This Row],[Plainar Facear]]+1 -> 29 | AF41: n/a | AG41: =Tabela1[[#This Row],[Serrar2]]+1 -> 30 | AH41: =Tabela1[[#This Row],[Encaixe / Furação]]+1 -> 31
A42: 2204 | B42: 4 | C42: 27516 | D42: 4 | E42: Raizen Energia S.A - Lagoa da Prata | F42: 1334020 | G42: 1 | H42: BAGACEIRA 78" | I42: 1 | J42: 46192 | K42: =WEEKNUM(Tabela1[[#This Row],[Prazo Fundido]]) -> 25 | L42: 46175 | M42: 46234 | O42: =Tabela1[[#This Row],[Prazo Entrega]]-TODAY() -> 15 | P42: =IF(O42<0,"ATRASADO",IF(O42<=15,"ATENÇÃO","NO PRAZO")) -> ATENÇÃO | Q42: =WEEKNUM(Tabela1[[#This Row],[Prazo Entrega]],1) -> 31 | R42: c/ usinagem | S42: OK | T42: OK | U42: AG | V42: AG | W42: - | X42: AG | Y42: AG | Z42: AG | AA42: AG | AB42: =IF(L42="","AG. FUNDIDO",IF(U42="AG","AG. USINAGEM","EM USINAGEM")) -> AG. USINAGEM | AD42: 28 | AE42: =Tabela1[[#This Row],[Plainar Facear]]+1 -> 29 | AF42: n/a | AG42: =Tabela1[[#This Row],[Serrar2]]+1 -> 30 | AH42: =Tabela1[[#This Row],[Encaixe / Furação]]+1 -> 31
A43: 2204 | B43: 5 | C43: 27516 | D43: 5 | E43: Raizen Energia S.A - Lagoa da Prata | F43: 1334021 | G43: 1 | H43: BAGACEIRA 78" | I43: 1 | J43: 46192 | K43: =WEEKNUM(Tabela1[[#This Row],[Prazo Fundido]]) -> 25 | L43: 46192 | M43: 46234 | O43: =Tabela1[[#This Row],[Prazo Entrega]]-TODAY() -> 15 | P43: =IF(O43<0,"ATRASADO",IF(O43<=15,"ATENÇÃO","NO PRAZO")) -> ATENÇÃO | Q43: =WEEKNUM(Tabela1[[#This Row],[Prazo Entrega]],1) -> 31 | R43: c/ usinagem | S43: OK | T43: OK | U43: AG | V43: AG | W43: - | X43: AG | Y43: AG | Z43: AG | AA43: AG | AB43: =IF(L43="","AG. FUNDIDO",IF(U43="AG","AG. USINAGEM","EM USINAGEM")) -> AG. USINAGEM | AD43: 28 | AE43: =Tabela1[[#This Row],[Plainar Facear]]+1 -> 29 | AF43: n/a | AG43: =Tabela1[[#This Row],[Serrar2]]+1 -> 30 | AH43: =Tabela1[[#This Row],[Encaixe / Furação]]+1 -> 31
A44: 2204 | B44: 6 | C44: 27516 | D44: 6 | E44: Raizen Energia S.A - Lagoa da Prata | F44: 1334022 | G44: 1 | H44: BAGACEIRA 90" | I44: 1 | J44: 46192 | K44: =WEEKNUM(Tabela1[[#This Row],[Prazo Fundido]]) -> 25 | L44: 46217 | M44: 46234 | O44: =Tabela1[[#This Row],[Prazo Entrega]]-TODAY() -> 15 | P44: =IF(O44<0,"ATRASADO",IF(O44<=15,"ATENÇÃO","NO PRAZO")) -> ATENÇÃO | Q44: =WEEKNUM(Tabela1[[#This Row],[Prazo Entrega]],1) -> 31 | R44: c/ usinagem | S44: OK | T44: OK | U44: AG | V44: AG | W44: - | X44: AG | Y44: AG | Z44: AG | AA44: AG | AB44: =IF(L44="","AG. FUNDIDO",IF(U44="AG","AG. USINAGEM","EM USINAGEM")) -> AG. USINAGEM | AD44: 28 | AE44: =Tabela1[[#This Row],[Plainar Facear]]+1 -> 29 | AF44: n/a | AG44: =Tabela1[[#This Row],[Serrar2]]+1 -> 30 | AH44: =Tabela1[[#This Row],[Encaixe / Furação]]+1 -> 31
A45: 2203 | B45: 4 | C45: 27515 | D45: 4 | E45: Raizen Energia S.A - Ipaussu | F45: 958025 | G45: 1 | H45: BAGACEIRA 78" | I45: 1 | J45: 46192 | K45: =WEEKNUM(Tabela1[[#This Row],[Prazo Fundido]]) -> 25 | L45: 46188 | M45: 46234 | O45: =Tabela1[[#This Row],[Prazo Entrega]]-TODAY() -> 15 | P45: =IF(O45<0,"ATRASADO",IF(O45<=15,"ATENÇÃO","NO PRAZO")) -> ATENÇÃO | Q45: =WEEKNUM(Tabela1[[#This Row],[Prazo Entrega]],1) -> 31 | R45: c/ usinagem | S45: OK | T45: OK | U45: OK | V45: AG | W45: - | X45: AG | Y45: AG | Z45: AG | AA45: AG | AB45: =IF(L45="","AG. FUNDIDO",IF(U45="AG","AG. USINAGEM","EM USINAGEM")) -> EM USINAGEM | AD45: 28 | AE45: =Tabela1[[#This Row],[Plainar Facear]]+1 -> 29 | AF45: n/a | AG45: =Tabela1[[#This Row],[Serrar2]]+1 -> 30 | AH45: =Tabela1[[#This Row],[Encaixe / Furação]]+1 -> 31
A46: 2203 | B46: 5 | C46: 27515 | D46: 5 | E46: Raizen Energia S.A - Ipaussu | F46: 958026 | G46: 1 | H46: BAGACEIRA 78" | I46: 1 | J46: 46192 | K46: =WEEKNUM(Tabela1[[#This Row],[Prazo Fundido]]) -> 25 | L46: 46189 | M46: 46234 | O46: =Tabela1[[#This Row],[Prazo Entrega]]-TODAY() -> 15 | P46: =IF(O46<0,"ATRASADO",IF(O46<=15,"ATENÇÃO","NO PRAZO")) -> ATENÇÃO | Q46: =WEEKNUM(Tabela1[[#This Row],[Prazo Entrega]],1) -> 31 | R46: c/ usinagem | S46: OK | T46: OK | U46: AG | V46: AG | W46: - | X46: AG | Y46: AG | Z46: AG | AA46: AG | AB46: =IF(L46="","AG. FUNDIDO",IF(U46="AG","AG. USINAGEM","EM USINAGEM")) -> AG. USINAGEM | AD46: 28 | AE46: =Tabela1[[#This Row],[Plainar Facear]]+1 -> 29 | AF46: n/a | AG46: =Tabela1[[#This Row],[Serrar2]]+1 -> 30 | AH46: =Tabela1[[#This Row],[Encaixe / Furação]]+1 -> 31
A47: 2203 | B47: 6 | C47: 27515 | D47: 6 | E47: Raizen Energia S.A - Ipaussu | F47: 958027 | G47: 1 | H47: BAGACEIRA 87" | I47: 1 | J47: 46192 | K47: =WEEKNUM(Tabela1[[#This Row],[Prazo Fundido]]) -> 25 | L47: 02/26/2026 | M47: 46234 | O47: =Tabela1[[#This Row],[Prazo Entrega]]-TODAY() -> 15 | P47: =IF(O47<0,"ATRASADO",IF(O47<=15,"ATENÇÃO","NO PRAZO")) -> ATENÇÃO | Q47: =WEEKNUM(Tabela1[[#This Row],[Prazo Entrega]],1) -> 31 | R47: c/ usinagem | S47: OK | T47: OK | U47: OK | V47: AG | W47: - | X47: AG | Y47: AG | Z47: AG | AA47: AG | AB47: =IF(L47="","AG. FUNDIDO",IF(U47="AG","AG. USINAGEM","EM USINAGEM")) -> EM USINAGEM | AD47: 28 | AE47: =Tabela1[[#This Row],[Plainar Facear]]+1 -> 29 | AF47: n/a | AG47: =Tabela1[[#This Row],[Serrar2]]+1 -> 30 | AH47: =Tabela1[[#This Row],[Encaixe / Furação]]+1 -> 31
A48: 2206 | B48: 1 | C48: 27518 | D48: 1 | E48: Raizen Energia S.A - Rafard | F48: 1255019 | G48: 1 | H48: BAGACEIRA 78" | I48: 1 | J48: 46192 | K48: =WEEKNUM(Tabela1[[#This Row],[Prazo Fundido]]) -> 25 | L48: 46206 | M48: 46241 | O48: =Tabela1[[#This Row],[Prazo Entrega]]-TODAY() -> 22 | P48: =IF(O48<0,"ATRASADO",IF(O48<=15,"ATENÇÃO","NO PRAZO")) -> NO PRAZO | Q48: =WEEKNUM(Tabela1[[#This Row],[Prazo Entrega]],1) -> 32 | R48: c/ usinagem | S48: OK | T48: OK | U48: AG | V48: AG | W48: - | X48: AG | Y48: AG | Z48: AG | AA48: AG | AB48: =IF(L48="","AG. FUNDIDO",IF(U48="AG","AG. USINAGEM","EM USINAGEM")) -> AG. USINAGEM | AD48: 28 | AE48: =Tabela1[[#This Row],[Plainar Facear]]+1 -> 29 | AF48: n/a | AG48: =Tabela1[[#This Row],[Serrar2]]+1 -> 30 | AH48: 32
A49: 2205 | B49: 2 | C49: 27517 | D49: 2 | E49: Raizen Energia S.A. - Paraiso | F49: 1483009 | G49: 1 | H49: BAGACEIRA 78" | I49: 1 | J49: 46192 | K49: =WEEKNUM(Tabela1[[#This Row],[Prazo Fundido]]) -> 25 | L49: 46175 | M49: 46241 | O49: =Tabela1[[#This Row],[Prazo Entrega]]-TODAY() -> 22 | P49: =IF(O49<0,"ATRASADO",IF(O49<=15,"ATENÇÃO","NO PRAZO")) -> NO PRAZO | Q49: =WEEKNUM(Tabela1[[#This Row],[Prazo Entrega]],1) -> 32 | R49: c/ usinagem | S49: OK | T49: OK | U49: OK | V49: AG | W49: - | X49: AG | Y49: AG | Z49: AG | AA49: AG | AB49: =IF(L49="","AG. FUNDIDO",IF(U49="AG","AG. USINAGEM","EM USINAGEM")) -> EM USINAGEM | AD49: 28 | AE49: =Tabela1[[#This Row],[Plainar Facear]]+1 -> 29 | AF49: n/a | AG49: =Tabela1[[#This Row],[Serrar2]]+1 -> 30 | AH49: 32
A50: 2205 | B50: 3 | C50: 27517 | D50: 3 | E50: Raizen Energia S.A. - Paraiso | F50: 1483010 | G50: 1 | H50: BAGACEIRA 78" | I50: 1 | J50: 46192 | K50: =WEEKNUM(Tabela1[[#This Row],[Prazo Fundido]]) -> 25 | L50: 46175 | M50: 46241 | O50: =Tabela1[[#This Row],[Prazo Entrega]]-TODAY() -> 22 | P50: =IF(O50<0,"ATRASADO",IF(O50<=15,"ATENÇÃO","NO PRAZO")) -> NO PRAZO | Q50: =WEEKNUM(Tabela1[[#This Row],[Prazo Entrega]],1) -> 32 | R50: c/ usinagem | S50: OK | T50: OK | U50: OK | V50: AG | W50: - | X50: AG | Y50: AG | Z50: AG | AA50: AG | AB50: =IF(L50="","AG. FUNDIDO",IF(U50="AG","AG. USINAGEM","EM USINAGEM")) -> EM USINAGEM | AD50: 29 | AE50: =Tabela1[[#This Row],[Plainar Facear]]+1 -> 30 | AF50: n/a | AG50: =Tabela1[[#This Row],[Serrar2]]+1 -> 31 | AH50: =Tabela1[[#This Row],[Encaixe / Furação]]+1 -> 32
A51: 2205 | B51: 4 | C51: 27517 | D51: 4 | E51: Raizen Energia S.A. - Paraiso | F51: 1483011 | G51: 1 | H51: BAGACEIRA 78" | I51: 1 | J51: 46192 | K51: =WEEKNUM(Tabela1[[#This Row],[Prazo Fundido]]) -> 25 | L51: 46192 | M51: 46241 | O51: =Tabela1[[#This Row],[Prazo Entrega]]-TODAY() -> 22 | P51: =IF(O51<0,"ATRASADO",IF(O51<=15,"ATENÇÃO","NO PRAZO")) -> NO PRAZO | Q51: =WEEKNUM(Tabela1[[#This Row],[Prazo Entrega]],1) -> 32 | R51: c/ usinagem | S51: OK | T51: OK | U51: OK | V51: AG | W51: - | X51: AG | Y51: AG | Z51: AG | AA51: AG | AB51: =IF(L51="","AG. FUNDIDO",IF(U51="AG","AG. USINAGEM","EM USINAGEM")) -> EM USINAGEM | AD51: 29 | AE51: =Tabela1[[#This Row],[Plainar Facear]]+1 -> 30 | AF51: n/a | AG51: =Tabela1[[#This Row],[Serrar2]]+1 -> 31 | AH51: =Tabela1[[#This Row],[Encaixe / Furação]]+1 -> 32
A52: 2205 | B52: 5 | C52: 27517 | D52: 5 | E52: Raizen Energia S.A. - Paraiso | F52: 1483012 | G52: 1 | H52: BAGACEIRA 78" | I52: 1 | J52: 46192 | K52: =WEEKNUM(Tabela1[[#This Row],[Prazo Fundido]]) -> 25 | L52: 46183 | M52: 46241 | O52: =Tabela1[[#This Row],[Prazo Entrega]]-TODAY() -> 22 | P52: =IF(O52<0,"ATRASADO",IF(O52<=15,"ATENÇÃO","NO PRAZO")) -> NO PRAZO | Q52: =WEEKNUM(Tabela1[[#This Row],[Prazo Entrega]],1) -> 32 | R52: c/ usinagem | S52: OK | T52: OK | U52: OK | V52: AG | W52: - | X52: AG | Y52: AG | Z52: AG | AA52: AG | AB52: =IF(L52="","AG. FUNDIDO",IF(U52="AG","AG. USINAGEM","EM USINAGEM")) -> EM USINAGEM | AD52: 29 | AE52: =Tabela1[[#This Row],[Plainar Facear]]+1 -> 30 | AF52: n/a | AG52: =Tabela1[[#This Row],[Serrar2]]+1 -> 31 | AH52: =Tabela1[[#This Row],[Encaixe / Furação]]+1 -> 32
A53: 2206 | B53: 2 | C53: 27518 | D53: 2 | E53: Raizen Energia S.A - Rafard | F53: 1255020 | G53: 1 | H53: BAGACEIRA 78" | I53: 1 | J53: 46199 | K53: =WEEKNUM(Tabela1[[#This Row],[Prazo Fundido]]) -> 26 | L53: 46189 | M53: 46241 | O53: =Tabela1[[#This Row],[Prazo Entrega]]-TODAY() -> 22 | P53: =IF(O53<0,"ATRASADO",IF(O53<=15,"ATENÇÃO","NO PRAZO")) -> NO PRAZO | Q53: =WEEKNUM(Tabela1[[#This Row],[Prazo Entrega]],1) -> 32 | R53: c/ usinagem | S53: OK | T53: OK | U53: AG | V53: AG | W53: - | X53: AG | Y53: AG | Z53: AG | AA53: AG | AB53: =IF(L53="","AG. FUNDIDO",IF(U53="AG","AG. USINAGEM","EM USINAGEM")) -> AG. USINAGEM | AD53: 29 | AE53: =Tabela1[[#This Row],[Plainar Facear]]+1 -> 30 | AF53: n/a | AG53: =Tabela1[[#This Row],[Serrar2]]+1 -> 31 | AH53: =Tabela1[[#This Row],[Encaixe / Furação]]+1 -> 32
A54: 2206 | B54: 3 | C54: 27518 | D54: 3 | E54: Raizen Energia S.A - Rafard | F54: 1255021 | G54: 1 | H54: BAGACEIRA 78" | I54: 1 | J54: 46199 | K54: =WEEKNUM(Tabela1[[#This Row],[Prazo Fundido]]) -> 26 | L54: 46206 | M54: 46241 | O54: =Tabela1[[#This Row],[Prazo Entrega]]-TODAY() -> 22 | P54: =IF(O54<0,"ATRASADO",IF(O54<=15,"ATENÇÃO","NO PRAZO")) -> NO PRAZO | Q54: =WEEKNUM(Tabela1[[#This Row],[Prazo Entrega]],1) -> 32 | R54: c/ usinagem | S54: OK | T54: OK | U54: AG | V54: AG | W54: - | X54: AG | Y54: AG | Z54: AG | AA54: AG | AB54: =IF(L54="","AG. FUNDIDO",IF(U54="AG","AG. USINAGEM","EM USINAGEM")) -> AG. USINAGEM | AD54: 29 | AE54: =Tabela1[[#This Row],[Plainar Facear]]+1 -> 30 | AF54: n/a | AG54: =Tabela1[[#This Row],[Serrar2]]+1 -> 31 | AH54: =Tabela1[[#This Row],[Encaixe / Furação]]+1 -> 32
A55: 2206 | B55: 4 | C55: 27518 | D55: 4 | E55: Raizen Energia S.A - Rafard | F55: 1255022 | G55: 1 | H55: BAGACEIRA 78" | I55: 1 | J55: 46199 | K55: =WEEKNUM(Tabela1[[#This Row],[Prazo Fundido]]) -> 26 | L55: 46217 | M55: 46241 | O55: =Tabela1[[#This Row],[Prazo Entrega]]-TODAY() -> 22 | P55: =IF(O55<0,"ATRASADO",IF(O55<=15,"ATENÇÃO","NO PRAZO")) -> NO PRAZO | Q55: =WEEKNUM(Tabela1[[#This Row],[Prazo Entrega]],1) -> 32 | R55: c/ usinagem | S55: OK | T55: OK | U55: AG | V55: AG | W55: - | X55: AG | Y55: AG | Z55: AG | AA55: AG | AB55: =IF(L55="","AG. FUNDIDO",IF(U55="AG","AG. USINAGEM","EM USINAGEM")) -> AG. USINAGEM | AD55: 29 | AE55: =Tabela1[[#This Row],[Plainar Facear]]+1 -> 30 | AF55: n/a | AG55: =Tabela1[[#This Row],[Serrar2]]+1 -> 31 | AH55: =Tabela1[[#This Row],[Encaixe / Furação]]+1 -> 32
A56: 2206 | B56: 5 | C56: 27518 | D56: 5 | E56: Raizen Energia S.A - Rafard | F56: 1255023 | G56: 1 | H56: BAGACEIRA 78" | I56: 1 | J56: 46199 | K56: =WEEKNUM(Tabela1[[#This Row],[Prazo Fundido]]) -> 26 | L56: 46206 | M56: 46241 | O56: =Tabela1[[#This Row],[Prazo Entrega]]-TODAY() -> 22 | P56: =IF(O56<0,"ATRASADO",IF(O56<=15,"ATENÇÃO","NO PRAZO")) -> NO PRAZO | Q56: =WEEKNUM(Tabela1[[#This Row],[Prazo Entrega]],1) -> 32 | R56: c/ usinagem | S56: OK | T56: OK | U56: AG | V56: AG | W56: - | X56: AG | Y56: AG | Z56: AG | AA56: AG | AB56: =IF(L56="","AG. FUNDIDO",IF(U56="AG","AG. USINAGEM","EM USINAGEM")) -> AG. USINAGEM | AD56: 29 | AE56: =Tabela1[[#This Row],[Plainar Facear]]+1 -> 30 | AF56: n/a | AG56: =Tabela1[[#This Row],[Serrar2]]+1 -> 31 | AH56: =Tabela1[[#This Row],[Encaixe / Furação]]+1 -> 32
A57: 2206 | B57: 6 | C57: 27518 | D57: 6 | E57: Raizen Energia S.A - Rafard | F57: 1255024 | G57: 1 | H57: BAGACEIRA 78" | I57: 1 | J57: 46199 | K57: =WEEKNUM(Tabela1[[#This Row],[Prazo Fundido]]) -> 26 | L57: 46217 | M57: 46241 | O57: =Tabela1[[#This Row],[Prazo Entrega]]-TODAY() -> 22 | P57: =IF(O57<0,"ATRASADO",IF(O57<=15,"ATENÇÃO","NO PRAZO")) -> NO PRAZO | Q57: =WEEKNUM(Tabela1[[#This Row],[Prazo Entrega]],1) -> 32 | R57: c/ usinagem | S57: OK | T57: OK | U57: AG | V57: AG | W57: - | X57: AG | Y57: AG | Z57: AG | AA57: AG | AB57: =IF(L57="","AG. FUNDIDO",IF(U57="AG","AG. USINAGEM","EM USINAGEM")) -> AG. USINAGEM | AD57: 29 | AE57: =Tabela1[[#This Row],[Plainar Facear]]+1 -> 30 | AF57: n/a | AG57: =Tabela1[[#This Row],[Serrar2]]+1 -> 31 | AH57: =Tabela1[[#This Row],[Encaixe / Furação]]+1 -> 32
A58: 2207 | B58: 1 | C58: 27519 | D58: 1 | E58: Raizen Taruma Ltda - Taruma | F58: 372054 | G58: 1 | H58: BAGACEIRA 78" | I58: 1 | J58: 46199 | K58: =WEEKNUM(Tabela1[[#This Row],[Prazo Fundido]]) -> 26 | L58: 46190 | M58: 46248 | O58: =Tabela1[[#This Row],[Prazo Entrega]]-TODAY() -> 29 | P58: =IF(O58<0,"ATRASADO",IF(O58<=15,"ATENÇÃO","NO PRAZO")) -> NO PRAZO | Q58: =WEEKNUM(Tabela1[[#This Row],[Prazo Entrega]],1) -> 33 | R58: c/ usinagem | S58: OK | T58: OK | U58: AG | V58: AG | W58: - | X58: AG | Y58: AG | Z58: AG | AA58: AG | AB58: =IF(L58="","AG. FUNDIDO",IF(U58="AG","AG. USINAGEM","EM USINAGEM")) -> AG. USINAGEM | AD58: 29 | AE58: =Tabela1[[#This Row],[Plainar Facear]]+1 -> 30 | AF58: n/a | AG58: =Tabela1[[#This Row],[Serrar2]]+1 -> 31 | AH58: =Tabela1[[#This Row],[Encaixe / Furação]]+1 -> 32
A59: 2207 | B59: 2 | C59: 27519 | D59: 2 | E59: Raizen Taruma Ltda - Taruma | F59: 372055 | G59: 1 | H59: BAGACEIRA 78" | I59: 1 | J59: 46199 | K59: =WEEKNUM(Tabela1[[#This Row],[Prazo Fundido]]) -> 26 | L59: 46188 | M59: 46248 | O59: =Tabela1[[#This Row],[Prazo Entrega]]-TODAY() -> 29 | P59: =IF(O59<0,"ATRASADO",IF(O59<=15,"ATENÇÃO","NO PRAZO")) -> NO PRAZO | Q59: =WEEKNUM(Tabela1[[#This Row],[Prazo Entrega]],1) -> 33 | R59: c/ usinagem | S59: OK | T59: OK | U59: AG | V59: AG | W59: - | X59: AG | Y59: AG | Z59: AG | AA59: AG | AB59: =IF(L59="","AG. FUNDIDO",IF(U59="AG","AG. USINAGEM","EM USINAGEM")) -> AG. USINAGEM | AD59: 29 | AE59: =Tabela1[[#This Row],[Plainar Facear]]+1 -> 30 | AF59: n/a | AG59: =Tabela1[[#This Row],[Serrar2]]+1 -> 31 | AH59: =Tabela1[[#This Row],[Encaixe / Furação]]+1 -> 32
A60: 2226 | B60: 1 | C60: 27527 | D60: 1 | E60: Aura Brazil | F60: 1495050 | G60: 1 | H60: BAGACEIRA 66" (US. LISA S/ FURAÇÕES E FIXAÇ) | I60: 1 | J60: 46189 | K60: =WEEKNUM(Tabela1[[#This Row],[Prazo Fundido]]) -> 25 | L60: 46203 | M60: 46234 | O60: =Tabela1[[#This Row],[Prazo Entrega]]-TODAY() -> 15 | P60: =IF(O60<0,"ATRASADO",IF(O60<=15,"ATENÇÃO","NO PRAZO")) -> ATENÇÃO | Q60: =WEEKNUM(Tabela1[[#This Row],[Prazo Entrega]],1) -> 31 | R60: c/ usinagem | S60: OK | T60: OK | U60: AG | V60: - | W60: - | X60: - | Y60: - | Z60: AG | AA60: AG | AB60: =IF(L60="","AG. FUNDIDO",IF(U60="AG","AG. USINAGEM","EM USINAGEM")) -> AG. USINAGEM | AD60: 30 | AE60: n/a | AF60: n/a | AG60: n/a | AH60: 31
A61: 2226 | B61: 2 | C61: 27527 | D61: 2 | E61: Aura Brazil | F61: 1495050 | G61: 2 | H61: BAGACEIRA 66" (US. LISA S/ FURAÇÕES E FIXAÇ) | I61: 1 | J61: 46189 | K61: =WEEKNUM(Tabela1[[#This Row],[Prazo Fundido]]) -> 25 | L61: 46203 | M61: 46234 | O61: =Tabela1[[#This Row],[Prazo Entrega]]-TODAY() -> 15 | P61: =IF(O61<0,"ATRASADO",IF(O61<=15,"ATENÇÃO","NO PRAZO")) -> ATENÇÃO | Q61: =WEEKNUM(Tabela1[[#This Row],[Prazo Entrega]],1) -> 31 | R61: c/ usinagem | S61: OK | T61: OK | U61: AG | V61: - | W61: - | X61: - | Y61: - | Z61: AG | AA61: AG | AB61: =IF(L61="","AG. FUNDIDO",IF(U61="AG","AG. USINAGEM","EM USINAGEM")) -> AG. USINAGEM | AD61: 30 | AE61: n/a | AF61: n/a | AG61: n/a | AH61: 31
A62: 2226 | B62: 3 | C62: 27527 | D62: 3 | E62: Aura Brazil | F62: 1495050 | G62: 3 | H62: BAGACEIRA 66" (US. LISA S/ FURAÇÕES E FIXAÇ) | I62: 1 | J62: 46189 | K62: =WEEKNUM(Tabela1[[#This Row],[Prazo Fundido]]) -> 25 | L62: 46197 | M62: 46234 | O62: =Tabela1[[#This Row],[Prazo Entrega]]-TODAY() -> 15 | P62: =IF(O62<0,"ATRASADO",IF(O62<=15,"ATENÇÃO","NO PRAZO")) -> ATENÇÃO | Q62: =WEEKNUM(Tabela1[[#This Row],[Prazo Entrega]],1) -> 31 | R62: c/ usinagem | S62: OK | T62: OK | U62: AG | V62: - | W62: - | X62: - | Y62: - | Z62: AG | AA62: AG | AB62: =IF(L62="","AG. FUNDIDO",IF(U62="AG","AG. USINAGEM","EM USINAGEM")) -> AG. USINAGEM | AD62: 30 | AE62: n/a | AF62: n/a | AG62: n/a | AH62: 31
A63: 2226 | B63: 4 | C63: 27527 | D63: 4 | E63: Aura Brazil | F63: 1495051 | G63: 1 | H63: BAGACEIRA 66" (US. LISA S/ FURAÇÕES E FIXAÇ) | I63: 1 | J63: 46189 | K63: =WEEKNUM(Tabela1[[#This Row],[Prazo Fundido]]) -> 25 | L63: 46197 | M63: 46234 | O63: =Tabela1[[#This Row],[Prazo Entrega]]-TODAY() -> 15 | P63: =IF(O63<0,"ATRASADO",IF(O63<=15,"ATENÇÃO","NO PRAZO")) -> ATENÇÃO | Q63: =WEEKNUM(Tabela1[[#This Row],[Prazo Entrega]],1) -> 31 | R63: c/ usinagem | S63: OK | T63: OK | U63: AG | V63: - | W63: - | X63: - | Y63: - | Z63: AG | AA63: AG | AB63: =IF(L63="","AG. FUNDIDO",IF(U63="AG","AG. USINAGEM","EM USINAGEM")) -> AG. USINAGEM | AD63: 30 | AE63: n/a | AF63: n/a | AG63: n/a | AH63: 31
A64: 2226 | B64: 5 | C64: 27527 | D64: 5 | E64: Aura Brazil | F64: 1495051 | G64: 2 | H64: BAGACEIRA 66" (US. LISA S/ FURAÇÕES E FIXAÇ) | I64: 1 | J64: 46189 | K64: =WEEKNUM(Tabela1[[#This Row],[Prazo Fundido]]) -> 25 | L64: 46197 | M64: 46234 | O64: =Tabela1[[#This Row],[Prazo Entrega]]-TODAY() -> 15 | P64: =IF(O64<0,"ATRASADO",IF(O64<=15,"ATENÇÃO","NO PRAZO")) -> ATENÇÃO | Q64: =WEEKNUM(Tabela1[[#This Row],[Prazo Entrega]],1) -> 31 | R64: c/ usinagem | S64: OK | T64: OK | U64: AG | V64: - | W64: - | X64: - | Y64: - | Z64: AG | AA64: AG | AB64: =IF(L64="","AG. FUNDIDO",IF(U64="AG","AG. USINAGEM","EM USINAGEM")) -> AG. USINAGEM | AD64: 30 | AE64: n/a | AF64: n/a | AG64: n/a | AH64: 31
A65: 2226 | B65: 6 | C65: 27527 | D65: 6 | E65: Aura Brazil | F65: 1495051 | G65: 3 | H65: BAGACEIRA 66" (US. LISA S/ FURAÇÕES E FIXAÇ) | I65: 1 | J65: 46189 | K65: =WEEKNUM(Tabela1[[#This Row],[Prazo Fundido]]) -> 25 | L65: 46203 | M65: 46234 | O65: =Tabela1[[#This Row],[Prazo Entrega]]-TODAY() -> 15 | P65: =IF(O65<0,"ATRASADO",IF(O65<=15,"ATENÇÃO","NO PRAZO")) -> ATENÇÃO | Q65: =WEEKNUM(Tabela1[[#This Row],[Prazo Entrega]],1) -> 31 | R65: c/ usinagem | S65: OK | T65: OK | U65: AG | V65: - | W65: - | X65: - | Y65: - | Z65: AG | AA65: AG | AB65: =IF(L65="","AG. FUNDIDO",IF(U65="AG","AG. USINAGEM","EM USINAGEM")) -> AG. USINAGEM | AD65: 30 | AE65: n/a | AF65: n/a | AG65: n/a | AH65: 31
A66: 2226 | B66: 16 | C66: 27527 | D66: 16 | E66: Aura Brazil | F66: 1495053 | G66: 1 | H66: BAGACEIRA 78" (US. LISA S/ FURAÇÕES E FIXAÇ) | I66: 1 | J66: 46189 | K66: =WEEKNUM(Tabela1[[#This Row],[Prazo Fundido]]) -> 25 | L66: 46197 | M66: 46234 | O66: =Tabela1[[#This Row],[Prazo Entrega]]-TODAY() -> 15 | P66: =IF(O66<0,"ATRASADO",IF(O66<=15,"ATENÇÃO","NO PRAZO")) -> ATENÇÃO | Q66: =WEEKNUM(Tabela1[[#This Row],[Prazo Entrega]],1) -> 31 | R66: c/ usinagem | S66: OK | T66: OK | U66: AG | V66: - | W66: - | X66: - | Y66: - | Z66: AG | AA66: AG | AB66: =IF(L66="","AG. FUNDIDO",IF(U66="AG","AG. USINAGEM","EM USINAGEM")) -> AG. USINAGEM | AD66: 30 | AE66: n/a | AF66: n/a | AG66: n/a | AH66: 31
A67: 2207 | B67: 3 | C67: 27519 | D67: 3 | E67: Raizen Taruma Ltda - Taruma | F67: 372056 | G67: 1 | H67: BAGACEIRA 78" | I67: 1 | J67: 46199 | K67: =WEEKNUM(Tabela1[[#This Row],[Prazo Fundido]]) -> 26 | M67: 46248 | O67: =Tabela1[[#This Row],[Prazo Entrega]]-TODAY() -> 29 | P67: =IF(O67<0,"ATRASADO",IF(O67<=15,"ATENÇÃO","NO PRAZO")) -> NO PRAZO | Q67: =WEEKNUM(Tabela1[[#This Row],[Prazo Entrega]],1) -> 33 | R67: c/ usinagem | S67: OK | T67: OK | U67: AG | V67: AG | W67: - | X67: AG | Y67: AG | Z67: AG | AA67: AG | AB67: =IF(L67="","AG. FUNDIDO",IF(U67="AG","AG. USINAGEM","EM USINAGEM")) -> AG. FUNDIDO | AD67: 30 | AE67: =Tabela1[[#This Row],[Plainar Facear]]+1 -> 31 | AF67: n/a | AG67: =Tabela1[[#This Row],[Serrar2]]+1 -> 32 | AH67: =Tabela1[[#This Row],[Encaixe / Furação]]+1 -> 33
A68: 2207 | B68: 4 | C68: 27519 | D68: 4 | E68: Raizen Taruma Ltda - Taruma | F68: 372057 | G68: 1 | H68: BAGACEIRA 78" | I68: 1 | J68: 46199 | K68: =WEEKNUM(Tabela1[[#This Row],[Prazo Fundido]]) -> 26 | L68: 46189 | M68: 46248 | O68: =Tabela1[[#This Row],[Prazo Entrega]]-TODAY() -> 29 | P68: =IF(O68<0,"ATRASADO",IF(O68<=15,"ATENÇÃO","NO PRAZO")) -> NO PRAZO | Q68: =WEEKNUM(Tabela1[[#This Row],[Prazo Entrega]],1) -> 33 | R68: c/ usinagem | S68: OK | T68: OK | U68: AG | V68: AG | W68: - | X68: AG | Y68: AG | Z68: AG | AA68: AG | AB68: =IF(L68="","AG. FUNDIDO",IF(U68="AG","AG. USINAGEM","EM USINAGEM")) -> AG. USINAGEM | AD68: 30 | AE68: =Tabela1[[#This Row],[Plainar Facear]]+1 -> 31 | AF68: n/a | AG68: =Tabela1[[#This Row],[Serrar2]]+1 -> 32 | AH68: =Tabela1[[#This Row],[Encaixe / Furação]]+1 -> 33
A69: 2231 | B69: 1 | C69: 27538 | D69: 1 | E69: Santo Angelo | F69: 153022 | G69: 1 | H69: BAGACEIRA 2200MM | I69: 1 | J69: 46208 | K69: =WEEKNUM(Tabela1[[#This Row],[Prazo Fundido]]) -> 28 | L69: 46211 | M69: 46255 | O69: =Tabela1[[#This Row],[Prazo Entrega]]-TODAY() -> 36 | P69: =IF(O69<0,"ATRASADO",IF(O69<=15,"ATENÇÃO","NO PRAZO")) -> NO PRAZO | Q69: =WEEKNUM(Tabela1[[#This Row],[Prazo Entrega]],1) -> 34 | R69: c/ usinagem | S69: 46208 | T69: AG | U69: AG | V69: AG | W69: - | X69: AG | Y69: AG | Z69: AG | AA69: AG | AB69: =IF(L69="","AG. FUNDIDO",IF(U69="AG","AG. USINAGEM","EM USINAGEM")) -> AG. USINAGEM | AD69: 30 | AE69: =Tabela1[[#This Row],[Plainar Facear]]+1 -> 31 | AF69: n/a | AG69: =Tabela1[[#This Row],[Serrar2]]+1 -> 32 | AH69: =Tabela1[[#This Row],[Encaixe / Furação]]+1 -> 33
A70: 2231 | B70: 2 | C70: 27538 | D70: 2 | E70: Santo Angelo | F70: 153023 | G70: 1 | H70: BAGACEIRA 2200MM | I70: 1 | J70: 46208 | K70: =WEEKNUM(Tabela1[[#This Row],[Prazo Fundido]]) -> 28 | L70: 46211 | M70: 46255 | O70: =Tabela1[[#This Row],[Prazo Entrega]]-TODAY() -> 36 | P70: =IF(O70<0,"ATRASADO",IF(O70<=15,"ATENÇÃO","NO PRAZO")) -> NO PRAZO | Q70: =WEEKNUM(Tabela1[[#This Row],[Prazo Entrega]],1) -> 34 | R70: c/ usinagem | S70: 46208 | T70: AG | U70: AG | V70: AG | W70: - | X70: AG | Y70: AG | Z70: AG | AA70: AG | AB70: =IF(L70="","AG. FUNDIDO",IF(U70="AG","AG. USINAGEM","EM USINAGEM")) -> AG. USINAGEM | AD70: 31 | AE70: =Tabela1[[#This Row],[Plainar Facear]]+1 -> 32 | AF70: n/a | AG70: =Tabela1[[#This Row],[Serrar2]]+1 -> 33 | AH70: =Tabela1[[#This Row],[Encaixe / Furação]]+1 -> 34
A71: 2231 | B71: 3 | C71: 27538 | D71: 3 | E71: Santo Angelo | F71: 153024 | G71: 1 | H71: BAGACEIRA 72" | I71: 1 | J71: 46208 | K71: =WEEKNUM(Tabela1[[#This Row],[Prazo Fundido]]) -> 28 | L71: 46211 | M71: 46255 | O71: =Tabela1[[#This Row],[Prazo Entrega]]-TODAY() -> 36 | P71: =IF(O71<0,"ATRASADO",IF(O71<=15,"ATENÇÃO","NO PRAZO")) -> NO PRAZO | Q71: =WEEKNUM(Tabela1[[#This Row],[Prazo Entrega]],1) -> 34 | R71: c/ usinagem | S71: 46208 | T71: AG | U71: AG | V71: AG | W71: - | X71: AG | Y71: AG | Z71: AG | AA71: AG | AB71: =IF(L71="","AG. FUNDIDO",IF(U71="AG","AG. USINAGEM","EM USINAGEM")) -> AG. USINAGEM | AD71: 31 | AE71: =Tabela1[[#This Row],[Plainar Facear]]+1 -> 32 | AF71: n/a | AG71: =Tabela1[[#This Row],[Serrar2]]+1 -> 33 | AH71: =Tabela1[[#This Row],[Encaixe / Furação]]+1 -> 34
A72: 2231 | B72: 4 | C72: 27538 | D72: 4 | E72: Santo Angelo | F72: 153025 | G72: 1 | H72: BAGACEIRA 72" | I72: 1 | J72: 46208 | K72: =WEEKNUM(Tabela1[[#This Row],[Prazo Fundido]]) -> 28 | L72: 46211 | M72: 46255 | O72: =Tabela1[[#This Row],[Prazo Entrega]]-TODAY() -> 36 | P72: =IF(O72<0,"ATRASADO",IF(O72<=15,"ATENÇÃO","NO PRAZO")) -> NO PRAZO | Q72: =WEEKNUM(Tabela1[[#This Row],[Prazo Entrega]],1) -> 34 | R72: c/ usinagem | S72: 46208 | T72: AG | U72: AG | V72: AG | W72: - | X72: AG | Y72: AG | Z72: AG | AA72: AG | AB72: =IF(L72="","AG. FUNDIDO",IF(U72="AG","AG. USINAGEM","EM USINAGEM")) -> AG. USINAGEM | AD72: 31 | AE72: =Tabela1[[#This Row],[Plainar Facear]]+1 -> 32 | AF72: n/a | AG72: =Tabela1[[#This Row],[Serrar2]]+1 -> 33 | AH72: =Tabela1[[#This Row],[Encaixe / Furação]]+1 -> 34
A73: 2231 | B73: 5 | C73: 27538 | D73: 5 | E73: Santo Angelo | F73: 153026 | G73: 1 | H73: BAGACEIRA 72" | I73: 1 | J73: 46208 | K73: =WEEKNUM(Tabela1[[#This Row],[Prazo Fundido]]) -> 28 | L73: 46211 | M73: 46255 | O73: =Tabela1[[#This Row],[Prazo Entrega]]-TODAY() -> 36 | P73: =IF(O73<0,"ATRASADO",IF(O73<=15,"ATENÇÃO","NO PRAZO")) -> NO PRAZO | Q73: =WEEKNUM(Tabela1[[#This Row],[Prazo Entrega]],1) -> 34 | R73: c/ usinagem | S73: 46208 | T73: AG | U73: AG | V73: AG | W73: - | X73: AG | Y73: AG | Z73: AG | AA73: AG | AB73: =IF(L73="","AG. FUNDIDO",IF(U73="AG","AG. USINAGEM","EM USINAGEM")) -> AG. USINAGEM | AD73: 31 | AE73: =Tabela1[[#This Row],[Plainar Facear]]+1 -> 32 | AF73: n/a | AG73: =Tabela1[[#This Row],[Serrar2]]+1 -> 33 | AH73: =Tabela1[[#This Row],[Encaixe / Furação]]+1 -> 34
A74: 2231 | B74: 6 | C74: 27538 | D74: 6 | E74: Santo Angelo | F74: 153027 | G74: 1 | H74: BAGACEIRA 72" | I74: 1 | J74: 46208 | K74: =WEEKNUM(Tabela1[[#This Row],[Prazo Fundido]]) -> 28 | L74: 46211 | M74: 46255 | O74: =Tabela1[[#This Row],[Prazo Entrega]]-TODAY() -> 36 | P74: =IF(O74<0,"ATRASADO",IF(O74<=15,"ATENÇÃO","NO PRAZO")) -> NO PRAZO | Q74: =WEEKNUM(Tabela1[[#This Row],[Prazo Entrega]],1) -> 34 | R74: c/ usinagem | S74: 46208 | T74: AG | U74: AG | V74: AG | W74: - | X74: AG | Y74: AG | Z74: AG | AA74: AG | AB74: =IF(L74="","AG. FUNDIDO",IF(U74="AG","AG. USINAGEM","EM USINAGEM")) -> AG. USINAGEM | AD74: 31 | AE74: =Tabela1[[#This Row],[Plainar Facear]]+1 -> 32 | AF74: n/a | AG74: =Tabela1[[#This Row],[Serrar2]]+1 -> 33 | AH74: =Tabela1[[#This Row],[Encaixe / Furação]]+1 -> 34
A75: 2290 | B75: 1 | C75: 27588 | D75: 1 | E75: MS Internacional | F75: 1454058 | G75: 1 | H75: BAGACEIRA 72" | I75: 1 | J75: 46229 | K75: =WEEKNUM(Tabela1[[#This Row],[Prazo Fundido]]) -> 31 | M75: 46259 | O75: =Tabela1[[#This Row],[Prazo Entrega]]-TODAY() -> 40 | P75: =IF(O75<0,"ATRASADO",IF(O75<=15,"ATENÇÃO","NO PRAZO")) -> NO PRAZO | Q75: =WEEKNUM(Tabela1[[#This Row],[Prazo Entrega]],1) -> 35 | R75: c/ usinagem | S75: 46208 | T75: AG | U75: AG | V75: AG | W75: - | X75: AG | Y75: AG | Z75: AG | AA75: AG | AB75: =IF(L75="","AG. FUNDIDO",IF(U75="AG","AG. USINAGEM","EM USINAGEM")) -> AG. FUNDIDO | AD75: 31 | AE75: =Tabela1[[#This Row],[Plainar Facear]]+1 -> 32 | AF75: n/a | AG75: =Tabela1[[#This Row],[Serrar2]]+1 -> 33 | AH75: =Tabela1[[#This Row],[Encaixe / Furação]]+1 -> 34
A76: 2290 | B76: 2 | C76: 27588 | D76: 2 | E76: MS Internacional | F76: 1454058 | G76: 2 | H76: BAGACEIRA 72" | I76: 1 | J76: 46229 | K76: =WEEKNUM(Tabela1[[#This Row],[Prazo Fundido]]) -> 31 | M76: 46259 | O76: =Tabela1[[#This Row],[Prazo Entrega]]-TODAY() -> 40 | P76: =IF(O76<0,"ATRASADO",IF(O76<=15,"ATENÇÃO","NO PRAZO")) -> NO PRAZO | Q76: =WEEKNUM(Tabela1[[#This Row],[Prazo Entrega]],1) -> 35 | R76: c/ usinagem | S76: 46208 | T76: AG | U76: AG | V76: AG | W76: - | X76: AG | Y76: AG | Z76: AG | AA76: AG | AB76: =IF(L76="","AG. FUNDIDO",IF(U76="AG","AG. USINAGEM","EM USINAGEM")) -> AG. FUNDIDO | AD76: 31 | AE76: =Tabela1[[#This Row],[Plainar Facear]]+1 -> 32 | AF76: n/a | AG76: =Tabela1[[#This Row],[Serrar2]]+1 -> 33 | AH76: =Tabela1[[#This Row],[Encaixe / Furação]]+1 -> 34
A77: 2290 | B77: 3 | C77: 27588 | D77: 3 | E77: MS Internacional | F77: 1454059 | G77: 3 | H77: BAGACEIRA 84" | I77: 1 | J77: 46229 | K77: =WEEKNUM(Tabela1[[#This Row],[Prazo Fundido]]) -> 31 | M77: 46259 | O77: =Tabela1[[#This Row],[Prazo Entrega]]-TODAY() -> 40 | P77: =IF(O77<0,"ATRASADO",IF(O77<=15,"ATENÇÃO","NO PRAZO")) -> NO PRAZO | Q77: =WEEKNUM(Tabela1[[#This Row],[Prazo Entrega]],1) -> 35 | R77: c/ usinagem | S77: 46208 | T77: AG | U77: AG | V77: AG | W77: - | X77: AG | Y77: AG | Z77: AG | AA77: AG | AB77: =IF(L77="","AG. FUNDIDO",IF(U77="AG","AG. USINAGEM","EM USINAGEM")) -> AG. FUNDIDO | AD77: 31 | AE77: =Tabela1[[#This Row],[Plainar Facear]]+1 -> 32 | AF77: n/a | AG77: =Tabela1[[#This Row],[Serrar2]]+1 -> 33 | AH77: =Tabela1[[#This Row],[Encaixe / Furação]]+1 -> 34
A78: 2284 | B78: 14 | C78: 27563 | D78: 14 | E78: Simisa | F78: 212081 | G78: 1 | H78: BAGACERIA 2500 (BRUTA) | I78: 1 | J78: 46235 | K78: =WEEKNUM(Tabela1[[#This Row],[Prazo Fundido]]) -> 31 | M78: 46235 | O78: =Tabela1[[#This Row],[Prazo Entrega]]-TODAY() -> 16 | P78: =IF(O78<0,"ATRASADO",IF(O78<=15,"ATENÇÃO","NO PRAZO")) -> NO PRAZO | Q78: =WEEKNUM(Tabela1[[#This Row],[Prazo Entrega]],1) -> 31 | R78: bruta | S78: - | T78: - | U78: - | V78: - | W78: - | X78: - | Y78: - | Z78: - | AA78: - | AB78: =IF(L78="","AG. FUNDIDO",IF(U78="AG","AG. USINAGEM","EM USINAGEM")) -> AG. FUNDIDO | AC78: FORNECER BRUTA DE FUNDIÇÃO | AD78: 0 | AE78: 0 | AF78: 0 | AG78: 0 | AH78: 0
A79: 2284 | B79: 15 | C79: 27563 | D79: 15 | E79: Simisa | F79: 212082 | G79: 1 | H79: BAGACEIRA 2300 (BRUTA) | I79: 1 | J79: 46295 | K79: =WEEKNUM(Tabela1[[#This Row],[Prazo Fundido]]) -> 40 | M79: 46295 | O79: =Tabela1[[#This Row],[Prazo Entrega]]-TODAY() -> 76 | P79: =IF(O79<0,"ATRASADO",IF(O79<=15,"ATENÇÃO","NO PRAZO")) -> NO PRAZO | Q79: =WEEKNUM(Tabela1[[#This Row],[Prazo Entrega]],1) -> 40 | R79: bruta | S79: - | T79: - | U79: - | V79: - | W79: - | X79: - | Y79: - | Z79: - | AA79: - | AB79: =IF(L79="","AG. FUNDIDO",IF(U79="AG","AG. USINAGEM","EM USINAGEM")) -> AG. FUNDIDO | AC79: FORNECER BRUTA DE FUNDIÇÃO | AD79: 0 | AE79: 0 | AF79: 0 | AG79: 0 | AH79: 0
A80: 2284 | B80: 16 | C80: 27563 | D80: 16 | E80: Simisa | F80: 212083 | G80: 1 | H80: BAGACEIRA 2300 (BRUTA) | I80: 1 | J80: 46235 | K80: =WEEKNUM(Tabela1[[#This Row],[Prazo Fundido]]) -> 31 | M80: 46235 | O80: =Tabela1[[#This Row],[Prazo Entrega]]-TODAY() -> 16 | P80: =IF(O80<0,"ATRASADO",IF(O80<=15,"ATENÇÃO","NO PRAZO")) -> NO PRAZO | Q80: =WEEKNUM(Tabela1[[#This Row],[Prazo Entrega]],1) -> 31 | R80: bruta | S80: - | T80: - | U80: - | V80: - | W80: - | X80: - | Y80: - | Z80: - | AA80: - | AB80: =IF(L80="","AG. FUNDIDO",IF(U80="AG","AG. USINAGEM","EM USINAGEM")) -> AG. FUNDIDO | AC80: FORNECER BRUTA DE FUNDIÇÃO | AD80: 0 | AE80: 0 | AF80: 0 | AG80: 0 | AH80: 0
A81: 2284 | B81: 17 | C81: 27563 | D81: 17 | E81: Simisa | F81: 212084 | G81: 1 | H81: BAGACEIRA 2300 (BRUTA) | I81: 1 | J81: 46266 | K81: =WEEKNUM(Tabela1[[#This Row],[Prazo Fundido]]) -> 36 | M81: 46266 | O81: =Tabela1[[#This Row],[Prazo Entrega]]-TODAY() -> 47 | P81: =IF(O81<0,"ATRASADO",IF(O81<=15,"ATENÇÃO","NO PRAZO")) -> NO PRAZO | Q81: =WEEKNUM(Tabela1[[#This Row],[Prazo Entrega]],1) -> 36 | R81: bruta | S81: - | T81: - | U81: - | V81: - | W81: - | X81: - | Y81: - | Z81: - | AA81: - | AB81: =IF(L81="","AG. FUNDIDO",IF(U81="AG","AG. USINAGEM","EM USINAGEM")) -> AG. FUNDIDO | AC81: FORNECER BRUTA DE FUNDIÇÃO | AD81: 0 | AE81: 0 | AF81: 0 | AG81: 0 | AH81: 0
A82: 2284 | B82: 18 | C82: 27563 | D82: 18 | E82: Simisa | F82: 212085 | G82: 1 | H82: BAGACEIRA 2300 (BRUTA) | I82: 1 | J82: 46266 | K82: =WEEKNUM(Tabela1[[#This Row],[Prazo Fundido]]) -> 36 | M82: 46266 | O82: =Tabela1[[#This Row],[Prazo Entrega]]-TODAY() -> 47 | P82: =IF(O82<0,"ATRASADO",IF(O82<=15,"ATENÇÃO","NO PRAZO")) -> NO PRAZO | Q82: =WEEKNUM(Tabela1[[#This Row],[Prazo Entrega]],1) -> 36 | R82: bruta | S82: - | T82: - | U82: - | V82: - | W82: - | X82: - | Y82: - | Z82: - | AA82: - | AB82: =IF(L82="","AG. FUNDIDO",IF(U82="AG","AG. USINAGEM","EM USINAGEM")) -> AG. FUNDIDO | AC82: FORNECER BRUTA DE FUNDIÇÃO | AD82: 0 | AE82: 0 | AF82: 0 | AG82: 0 | AH82: 0
A83: 2284 | B83: 19 | C83: 27563 | D83: 19 | E83: Simisa | F83: 212086 | G83: 1 | H83: BAGACERIA 2500 (BRUTA) | I83: 1 | J83: 46295 | K83: =WEEKNUM(Tabela1[[#This Row],[Prazo Fundido]]) -> 40 | M83: 46295 | O83: =Tabela1[[#This Row],[Prazo Entrega]]-TODAY() -> 76 | P83: =IF(O83<0,"ATRASADO",IF(O83<=15,"ATENÇÃO","NO PRAZO")) -> NO PRAZO | Q83: =WEEKNUM(Tabela1[[#This Row],[Prazo Entrega]],1) -> 40 | R83: bruta | S83: - | T83: - | U83: - | V83: - | W83: - | X83: - | Y83: - | Z83: - | AA83: - | AB83: =IF(L83="","AG. FUNDIDO",IF(U83="AG","AG. USINAGEM","EM USINAGEM")) -> AG. FUNDIDO | AC83: FORNECER BRUTA DE FUNDIÇÃO | AD83: 0 | AE83: 0 | AF83: 0 | AG83: 0 | AH83: 0
A84: 2263 | B84: 4 | C84: 27559 | D84: 4 | E84: Atvos Santa Luzia | F84: 1163065 | G84: 1 | H84: BAGACERIA 2500 C/ SOLDA DURA | I84: 1 | J84: 46226 | K84: =WEEKNUM(Tabela1[[#This Row],[Prazo Fundido]]) -> 30 | M84: 46310 | O84: =Tabela1[[#This Row],[Prazo Entrega]]-TODAY() -> 91 | P84: =IF(O84<0,"ATRASADO",IF(O84<=15,"ATENÇÃO","NO PRAZO")) -> NO PRAZO | Q84: =WEEKNUM(Tabela1[[#This Row],[Prazo Entrega]],1) -> 42 | R84: c/ usinagem | S84: 46213 | T84: AG | U84: AG | V84: AG | W84: AG | X84: AG | Y84: AG | Z84: AG | AA84: AG | AB84: =IF(L84="","AG. FUNDIDO",IF(U84="AG","AG. USINAGEM","EM USINAGEM")) -> AG. FUNDIDO | AD84: 32 | AE84: =Tabela1[[#This Row],[Plainar Facear]]+1 -> 33 | AF84: =Tabela1[[#This Row],[Serrar2]]+1 -> 34 | AG84: =Tabela1[[#This Row],[Solda Dura2]]+1 -> 35 | AH84: =Tabela1[[#This Row],[Encaixe / Furação]]+1 -> 36
A85: 2263 | B85: 5 | C85: 27559 | D85: 5 | E85: Atvos Santa Luzia | F85: 1163066 | G85: 1 | H85: BAGACEIRA 2300 C/ SOLDA DURA | I85: 1 | J85: 46226 | K85: =WEEKNUM(Tabela1[[#This Row],[Prazo Fundido]]) -> 30 | M85: 46310 | O85: =Tabela1[[#This Row],[Prazo Entrega]]-TODAY() -> 91 | P85: =IF(O85<0,"ATRASADO",IF(O85<=15,"ATENÇÃO","NO PRAZO")) -> NO PRAZO | Q85: =WEEKNUM(Tabela1[[#This Row],[Prazo Entrega]],1) -> 42 | R85: c/ usinagem | S85: 46213 | T85: AG | U85: AG | V85: AG | W85: AG | X85: AG | Y85: AG | Z85: AG | AA85: AG | AB85: =IF(L85="","AG. FUNDIDO",IF(U85="AG","AG. USINAGEM","EM USINAGEM")) -> AG. FUNDIDO | AD85: 32 | AE85: =Tabela1[[#This Row],[Plainar Facear]]+1 -> 33 | AF85: =Tabela1[[#This Row],[Serrar2]]+1 -> 34 | AG85: =Tabela1[[#This Row],[Solda Dura2]]+1 -> 35 | AH85: =Tabela1[[#This Row],[Encaixe / Furação]]+1 -> 36
A86: 2263 | B86: 6 | C86: 27559 | D86: 6 | E86: Atvos Santa Luzia | F86: 1163067 | G86: 1 | H86: BAGACEIRA 2300 C/ SOLDA DURA | I86: 1 | J86: 46226 | K86: =WEEKNUM(Tabela1[[#This Row],[Prazo Fundido]]) -> 30 | M86: 46310 | O86: =Tabela1[[#This Row],[Prazo Entrega]]-TODAY() -> 91 | P86: =IF(O86<0,"ATRASADO",IF(O86<=15,"ATENÇÃO","NO PRAZO")) -> NO PRAZO | Q86: =WEEKNUM(Tabela1[[#This Row],[Prazo Entrega]],1) -> 42 | R86: c/ usinagem | S86: 46213 | T86: AG | U86: AG | V86: AG | W86: AG | X86: AG | Y86: AG | Z86: AG | AA86: AG | AB86: =IF(L86="","AG. FUNDIDO",IF(U86="AG","AG. USINAGEM","EM USINAGEM")) -> AG. FUNDIDO | AD86: 32 | AE86: =Tabela1[[#This Row],[Plainar Facear]]+1 -> 33 | AF86: =Tabela1[[#This Row],[Serrar2]]+1 -> 34 | AG86: =Tabela1[[#This Row],[Solda Dura2]]+1 -> 35 | AH86: =Tabela1[[#This Row],[Encaixe / Furação]]+1 -> 36
A87: 2263 | B87: 7 | C87: 27559 | D87: 7 | E87: Atvos Santa Luzia | F87: 1163068 | G87: 1 | H87: BAGACEIRA 2300 C/ SOLDA DURA | I87: 1 | J87: 46226 | K87: =WEEKNUM(Tabela1[[#This Row],[Prazo Fundido]]) -> 30 | M87: 46310 | O87: =Tabela1[[#This Row],[Prazo Entrega]]-TODAY() -> 91 | P87: =IF(O87<0,"ATRASADO",IF(O87<=15,"ATENÇÃO","NO PRAZO")) -> NO PRAZO | Q87: =WEEKNUM(Tabela1[[#This Row],[Prazo Entrega]],1) -> 42 | R87: c/ usinagem | S87: 46213 | T87: AG | U87: AG | V87: AG | W87: AG | X87: AG | Y87: AG | Z87: AG | AA87: AG | AB87: =IF(L87="","AG. FUNDIDO",IF(U87="AG","AG. USINAGEM","EM USINAGEM")) -> AG. FUNDIDO | AD87: 32 | AE87: =Tabela1[[#This Row],[Plainar Facear]]+1 -> 33 | AF87: =Tabela1[[#This Row],[Serrar2]]+1 -> 34 | AG87: =Tabela1[[#This Row],[Solda Dura2]]+1 -> 35 | AH87: =Tabela1[[#This Row],[Encaixe / Furação]]+1 -> 36
A88: 2263 | B88: 8 | C88: 27559 | D88: 8 | E88: Atvos Santa Luzia | F88: 1163069 | G88: 1 | H88: BAGACEIRA 2300 C/ SOLDA DURA | I88: 1 | J88: 46226 | K88: =WEEKNUM(Tabela1[[#This Row],[Prazo Fundido]]) -> 30 | M88: 46310 | O88: =Tabela1[[#This Row],[Prazo Entrega]]-TODAY() -> 91 | P88: =IF(O88<0,"ATRASADO",IF(O88<=15,"ATENÇÃO","NO PRAZO")) -> NO PRAZO | Q88: =WEEKNUM(Tabela1[[#This Row],[Prazo Entrega]],1) -> 42 | R88: c/ usinagem | S88: 46213 | T88: AG | U88: AG | V88: AG | W88: AG | X88: AG | Y88: AG | Z88: AG | AA88: AG | AB88: =IF(L88="","AG. FUNDIDO",IF(U88="AG","AG. USINAGEM","EM USINAGEM")) -> AG. FUNDIDO | AD88: 32 | AE88: =Tabela1[[#This Row],[Plainar Facear]]+1 -> 33 | AF88: =Tabela1[[#This Row],[Serrar2]]+1 -> 34 | AG88: =Tabela1[[#This Row],[Solda Dura2]]+1 -> 35 | AH88: =Tabela1[[#This Row],[Encaixe / Furação]]+1 -> 36
A89: 2263 | B89: 9 | C89: 27559 | D89: 9 | E89: Atvos Santa Luzia | F89: 1163070 | G89: 1 | H89: BAGACERIA 2500 C/ SOLDA DURA | I89: 1 | J89: 46226 | K89: =WEEKNUM(Tabela1[[#This Row],[Prazo Fundido]]) -> 30 | M89: 46310 | O89: =Tabela1[[#This Row],[Prazo Entrega]]-TODAY() -> 91 | P89: =IF(O89<0,"ATRASADO",IF(O89<=15,"ATENÇÃO","NO PRAZO")) -> NO PRAZO | Q89: =WEEKNUM(Tabela1[[#This Row],[Prazo Entrega]],1) -> 42 | R89: c/ usinagem | S89: 46213 | T89: AG | U89: AG | V89: AG | W89: AG | X89: AG | Y89: AG | Z89: AG | AA89: AG | AB89: =IF(L89="","AG. FUNDIDO",IF(U89="AG","AG. USINAGEM","EM USINAGEM")) -> AG. FUNDIDO | AD89: 32 | AE89: =Tabela1[[#This Row],[Plainar Facear]]+1 -> 33 | AF89: =Tabela1[[#This Row],[Serrar2]]+1 -> 34 | AG89: =Tabela1[[#This Row],[Solda Dura2]]+1 -> 35 | AH89: =Tabela1[[#This Row],[Encaixe / Furação]]+1 -> 36
A90: 2322 | B90: 1 | C90: 27608 | D90: 1 | E90: Raizen Caraapó | F90: - | G90: - | H90: BAGACEIRA 2300 | I90: 1 | J90: 46250 | K90: =WEEKNUM(Tabela1[[#This Row],[Prazo Fundido]]) -> 34 | M90: 46281 | O90: =Tabela1[[#This Row],[Prazo Entrega]]-TODAY() -> 62 | P90: =IF(O90<0,"ATRASADO",IF(O90<=15,"ATENÇÃO","NO PRAZO")) -> NO PRAZO | Q90: =WEEKNUM(Tabela1[[#This Row],[Prazo Entrega]],1) -> 38 | R90: c/ usinagem | S90: 46218 | T90: AG | U90: AG | V90: AG | W90: - | X90: AG | Y90: AG | Z90: AG | AA90: AG | AB90: =IF(L90="","AG. FUNDIDO",IF(U90="AG","AG. USINAGEM","EM USINAGEM")) -> AG. FUNDIDO | AD90: 33 | AE90: 34 | AF90: 35 | AG90: 36 | AH90: 37
A91: 2322 | B91: 2 | C91: 27608 | D91: 2 | E91: Raizen Caraapó | F91: - | G91: - | H91: BAGACEIRA 2300 | I91: 1 | J91: 46250 | K91: =WEEKNUM(Tabela1[[#This Row],[Prazo Fundido]]) -> 34 | M91: 46281 | O91: =Tabela1[[#This Row],[Prazo Entrega]]-TODAY() -> 62 | P91: =IF(O91<0,"ATRASADO",IF(O91<=15,"ATENÇÃO","NO PRAZO")) -> NO PRAZO | Q91: =WEEKNUM(Tabela1[[#This Row],[Prazo Entrega]],1) -> 38 | R91: c/ usinagem | S91: 46218 | T91: AG | U91: AG | V91: AG | W91: - | X91: AG | Y91: AG | Z91: AG | AA91: AG | AB91: =IF(L91="","AG. FUNDIDO",IF(U91="AG","AG. USINAGEM","EM USINAGEM")) -> AG. FUNDIDO | AD91: 33 | AE91: 34 | AF91: 35 | AG91: 36 | AH91: 37
A92: 2322 | B92: 3 | C92: 27608 | D92: 3 | E92: Raizen Caraapó | F92: - | G92: - | H92: BAGACEIRA 2300 | I92: 1 | J92: 46250 | K92: =WEEKNUM(Tabela1[[#This Row],[Prazo Fundido]]) -> 34 | M92: 46281 | O92: =Tabela1[[#This Row],[Prazo Entrega]]-TODAY() -> 62 | P92: =IF(O92<0,"ATRASADO",IF(O92<=15,"ATENÇÃO","NO PRAZO")) -> NO PRAZO | Q92: =WEEKNUM(Tabela1[[#This Row],[Prazo Entrega]],1) -> 38 | R92: c/ usinagem | S92: 46218 | T92: AG | U92: AG | V92: AG | W92: - | X92: AG | Y92: AG | Z92: AG | AA92: AG | AB92: =IF(L92="","AG. FUNDIDO",IF(U92="AG","AG. USINAGEM","EM USINAGEM")) -> AG. FUNDIDO | AD92: 33 | AE92: 34 | AF92: 35 | AG92: 36 | AH92: 37
A93: 2322 | B93: 4 | C93: 27608 | D93: 4 | E93: Raizen Caraapó | F93: - | G93: - | H93: BAGACEIRA 2300 | I93: 1 | J93: 46250 | K93: =WEEKNUM(Tabela1[[#This Row],[Prazo Fundido]]) -> 34 | M93: 46281 | O93: =Tabela1[[#This Row],[Prazo Entrega]]-TODAY() -> 62 | P93: =IF(O93<0,"ATRASADO",IF(O93<=15,"ATENÇÃO","NO PRAZO")) -> NO PRAZO | Q93: =WEEKNUM(Tabela1[[#This Row],[Prazo Entrega]],1) -> 38 | R93: c/ usinagem | S93: 46218 | T93: AG | U93: AG | V93: AG | W93: - | X93: AG | Y93: AG | Z93: AG | AA93: AG | AB93: =IF(L93="","AG. FUNDIDO",IF(U93="AG","AG. USINAGEM","EM USINAGEM")) -> AG. FUNDIDO | AD93: 33 | AE93: 34 | AF93: 35 | AG93: 36 | AH93: 37
A94: 2322 | B94: 5 | C94: 27608 | D94: 5 | E94: Raizen Caraapó | F94: - | G94: - | H94: BAGACERIA 2500 | I94: 1 | J94: 46250 | K94: =WEEKNUM(Tabela1[[#This Row],[Prazo Fundido]]) -> 34 | M94: 46281 | O94: =Tabela1[[#This Row],[Prazo Entrega]]-TODAY() -> 62 | P94: =IF(O94<0,"ATRASADO",IF(O94<=15,"ATENÇÃO","NO PRAZO")) -> NO PRAZO | Q94: =WEEKNUM(Tabela1[[#This Row],[Prazo Entrega]],1) -> 38 | R94: c/ usinagem | S94: 46218 | T94: AG | U94: AG | V94: AG | W94: - | X94: AG | Y94: AG | Z94: AG | AA94: AG | AB94: =IF(L94="","AG. FUNDIDO",IF(U94="AG","AG. USINAGEM","EM USINAGEM")) -> AG. FUNDIDO | AD94: 33 | AE94: 34 | AF94: 35 | AG94: 36 | AH94: 37
A95: 1027 | B95: 17 | C95: 27605 | D95: 9 | E95: Água Bonita | F95: 464101 | G95: 1 | H95: BAGACEIRA 84" C/ SOLDA DURA | I95: 1 | J95: 46295 | K95: =WEEKNUM(Tabela1[[#This Row],[Prazo Fundido]]) -> 40 | M95: 46356 | O95: =Tabela1[[#This Row],[Prazo Entrega]]-TODAY() -> 137 | P95: =IF(O95<0,"ATRASADO",IF(O95<=15,"ATENÇÃO","NO PRAZO")) -> NO PRAZO | Q95: =WEEKNUM(Tabela1[[#This Row],[Prazo Entrega]],1) -> 49 | R95: c/ usinagem | S95: OK | T95: OK | U95: AG | V95: AG | W95: AG | X95: AG | Y95: AG | Z95: AG | AA95: AG | AB95: =IF(L95="","AG. FUNDIDO",IF(U95="AG","AG. USINAGEM","EM USINAGEM")) -> AG. FUNDIDO
A96: 1027 | B96: 18 | C96: 27605 | D96: 10 | E96: Água Bonita | F96: 464102 | G96: 1 | H96: BAGACEIRA 1700mm C/ SOLDA DURA | I96: 1 | J96: 46295 | K96: =WEEKNUM(Tabela1[[#This Row],[Prazo Fundido]]) -> 40 | M96: 46356 | O96: =Tabela1[[#This Row],[Prazo Entrega]]-TODAY() -> 137 | P96: =IF(O96<0,"ATRASADO",IF(O96<=15,"ATENÇÃO","NO PRAZO")) -> NO PRAZO | Q96: =WEEKNUM(Tabela1[[#This Row],[Prazo Entrega]],1) -> 49 | R96: c/ usinagem | S96: OK | T96: OK | U96: AG | V96: AG | W96: AG | X96: AG | Y96: AG | Z96: AG | AA96: AG | AB96: =IF(L96="","AG. FUNDIDO",IF(U96="AG","AG. USINAGEM","EM USINAGEM")) -> AG. FUNDIDO
A97: 1027 | B97: 19 | C97: 27605 | D97: 11 | E97: Água Bonita | F97: 464103 | G97: 1 | H97: BAGACEIRA 1700mm C/ SOLDA DURA | I97: 1 | J97: 46295 | K97: =WEEKNUM(Tabela1[[#This Row],[Prazo Fundido]]) -> 40 | M97: 46356 | O97: =Tabela1[[#This Row],[Prazo Entrega]]-TODAY() -> 137 | P97: =IF(O97<0,"ATRASADO",IF(O97<=15,"ATENÇÃO","NO PRAZO")) -> NO PRAZO | Q97: =WEEKNUM(Tabela1[[#This Row],[Prazo Entrega]],1) -> 49 | R97: c/ usinagem | S97: OK | T97: OK | U97: AG | V97: AG | W97: AG | X97: AG | Y97: AG | Z97: AG | AA97: AG | AB97: =IF(L97="","AG. FUNDIDO",IF(U97="AG","AG. USINAGEM","EM USINAGEM")) -> AG. FUNDIDO
A98: 1027 | B98: 20 | C98: 27605 | D98: 12 | E98: Água Bonita | F98: 464104 | G98: 1 | H98: BAGACEIRA 1700mm C/ SOLDA DURA | I98: 1 | J98: 46295 | K98: =WEEKNUM(Tabela1[[#This Row],[Prazo Fundido]]) -> 40 | M98: 46356 | O98: =Tabela1[[#This Row],[Prazo Entrega]]-TODAY() -> 137 | P98: =IF(O98<0,"ATRASADO",IF(O98<=15,"ATENÇÃO","NO PRAZO")) -> NO PRAZO | Q98: =WEEKNUM(Tabela1[[#This Row],[Prazo Entrega]],1) -> 49 | R98: c/ usinagem | S98: OK | T98: OK | U98: AG | V98: AG | W98: AG | X98: AG | Y98: AG | Z98: AG | AA98: AG | AB98: =IF(L98="","AG. FUNDIDO",IF(U98="AG","AG. USINAGEM","EM USINAGEM")) -> AG. FUNDIDO
A99: 1027 | B99: 21 | C99: 27605 | D99: 13 | E99: Água Bonita | F99: 464105 | G99: 1 | H99: BAGACEIRA 1700mm C/ SOLDA DURA | I99: 1 | J99: 46295 | K99: =WEEKNUM(Tabela1[[#This Row],[Prazo Fundido]]) -> 40 | M99: 46356 | O99: =Tabela1[[#This Row],[Prazo Entrega]]-TODAY() -> 137 | P99: =IF(O99<0,"ATRASADO",IF(O99<=15,"ATENÇÃO","NO PRAZO")) -> NO PRAZO | Q99: =WEEKNUM(Tabela1[[#This Row],[Prazo Entrega]],1) -> 49 | R99: c/ usinagem | S99: OK | T99: OK | U99: AG | V99: AG | W99: AG | X99: AG | Y99: AG | Z99: AG | AA99: AG | AB99: =IF(L99="","AG. FUNDIDO",IF(U99="AG","AG. USINAGEM","EM USINAGEM")) -> AG. FUNDIDO
A100: 2331 | B100: 12 | C100: 27611 | D100: 12 | E100: Lins Agroindustrial | F100: - | G100: - | H100: BAGACEIRA 78" C/ SOLDA DURA | I100: 1 | J100: 46295 | K100: =WEEKNUM(Tabela1[[#This Row],[Prazo Fundido]]) -> 40 | M100: 46356 | O100: =Tabela1[[#This Row],[Prazo Entrega]]-TODAY() -> 137 | P100: =IF(O100<0,"ATRASADO",IF(O100<=15,"ATENÇÃO","NO PRAZO")) -> NO PRAZO | Q100: =WEEKNUM(Tabela1[[#This Row],[Prazo Entrega]],1) -> 49 | R100: c/ usinagem | S100: 46233 | T100: AG | U100: AG | V100: AG | W100: AG | X100: AG | Y100: AG | Z100: AG | AA100: AG | AB100: =IF(L100="","AG. FUNDIDO",IF(U100="AG","AG. USINAGEM","EM USINAGEM")) -> AG. FUNDIDO
...

Sheet PENTES
A1: PV | B1: Item | C1: O.S. | D1: Item2 | E1: Cliente | F1: Peça | G1: Seq. | H1: Descrição | I1: Qtde. | J1: Prazo Fundido | K1: Semana Fundido | L1: Pz Fundido Real | M1: Coluna1 | N1: Prazo Entrega | O1: Pz Entrega Real | P1: Desenho Previsão | Q1: Des. | R1: Dias Falta2 | S1: Indicador | T1: Semana Entrega | U1: CONDIÇÃO | V1: Status Usinagem | W1: Observação
A2: 2226 | B2: 7 | C2: 27527 | D2: 7 | E2: Aura Brazil | F2: 1495052 | G2: 1 | H2: PENTE CURVO - USINADO LISO | I2: 1 | J2: 46185 | K2: =WEEKNUM(Tabela3[[#This Row],[Prazo Fundido]]) -> 24 | L2: 46188 | N2: 46211 | P2: OK | Q2: OK | R2: OK | S2: =IF(R2<0,"ATRASADO",IF(R2<=15,"ATENÇÃO","NO PRAZO")) -> NO PRAZO | T2: =WEEKNUM(Tabela3[[#This Row],[Prazo Entrega]]) -> 28 | U2: c/ usinagem | V2: AG. COLETA
A3: 2226 | B3: 8 | C3: 27527 | D3: 8 | E3: Aura Brazil | F3: 1495052 | G3: 2 | H3: PENTE CURVO - USINADO LISO | I3: 1 | J3: 46185 | K3: =WEEKNUM(Tabela3[[#This Row],[Prazo Fundido]]) -> 24 | L3: 46188 | N3: 46211 | P3: OK | Q3: OK | R3: OK | S3: =IF(R3<0,"ATRASADO",IF(R3<=15,"ATENÇÃO","NO PRAZO")) -> NO PRAZO | T3: =WEEKNUM(Tabela3[[#This Row],[Prazo Entrega]]) -> 28 | U3: c/ usinagem | V3: AG. COLETA
A4: 2226 | B4: 9 | C4: 27527 | D4: 9 | E4: Aura Brazil | F4: 1495052 | G4: 3 | H4: PENTE CURVO - USINADO LISO | I4: 1 | J4: 46185 | K4: =WEEKNUM(Tabela3[[#This Row],[Prazo Fundido]]) -> 24 | L4: 46188 | N4: 46211 | P4: OK | Q4: OK | R4: OK | S4: =IF(R4<0,"ATRASADO",IF(R4<=15,"ATENÇÃO","NO PRAZO")) -> NO PRAZO | T4: =WEEKNUM(Tabela3[[#This Row],[Prazo Entrega]]) -> 28 | U4: c/ usinagem | V4: AG. COLETA
A5: 2226 | B5: 10 | C5: 27527 | D5: 10 | E5: Aura Brazil | F5: 1495052 | G5: 4 | H5: PENTE CURVO - USINADO LISO | I5: 1 | J5: 46185 | K5: =WEEKNUM(Tabela3[[#This Row],[Prazo Fundido]]) -> 24 | L5: 46188 | N5: 46211 | P5: OK | Q5: OK | R5: OK | S5: =IF(R5<0,"ATRASADO",IF(R5<=15,"ATENÇÃO","NO PRAZO")) -> NO PRAZO | T5: =WEEKNUM(Tabela3[[#This Row],[Prazo Entrega]]) -> 28 | U5: c/ usinagem | V5: AG. COLETA
A6: 2226 | B6: 11 | C6: 27527 | D6: 11 | E6: Aura Brazil | F6: 1495052 | G6: 5 | H6: PENTE CURVO - USINADO LISO | I6: 1 | J6: 46185 | K6: =WEEKNUM(Tabela3[[#This Row],[Prazo Fundido]]) -> 24 | L6: 46188 | N6: 46211 | P6: OK | Q6: OK | R6: OK | S6: =IF(R6<0,"ATRASADO",IF(R6<=15,"ATENÇÃO","NO PRAZO")) -> NO PRAZO | T6: =WEEKNUM(Tabela3[[#This Row],[Prazo Entrega]]) -> 28 | U6: c/ usinagem | V6: AG. COLETA
A7: 2226 | B7: 12 | C7: 27527 | D7: 12 | E7: Aura Brazil | F7: 1495052 | G7: 6 | H7: PENTE CURVO - USINADO LISO | I7: 1 | J7: 46185 | K7: =WEEKNUM(Tabela3[[#This Row],[Prazo Fundido]]) -> 24 | L7: 46188 | N7: 46211 | P7: OK | Q7: OK | R7: OK | S7: =IF(R7<0,"ATRASADO",IF(R7<=15,"ATENÇÃO","NO PRAZO")) -> NO PRAZO | T7: =WEEKNUM(Tabela3[[#This Row],[Prazo Entrega]]) -> 28 | U7: c/ usinagem | V7: AG. COLETA
A8: 2226 | B8: 13 | C8: 27527 | D8: 13 | E8: Aura Brazil | F8: 1495052 | G8: 7 | H8: PENTE CURVO - USINADO LISO | I8: 1 | J8: 46185 | K8: =WEEKNUM(Tabela3[[#This Row],[Prazo Fundido]]) -> 24 | L8: 46188 | N8: 46211 | P8: OK | Q8: OK | R8: OK | S8: =IF(R8<0,"ATRASADO",IF(R8<=15,"ATENÇÃO","NO PRAZO")) -> NO PRAZO | T8: =WEEKNUM(Tabela3[[#This Row],[Prazo Entrega]]) -> 28 | U8: c/ usinagem | V8: AG. COLETA
A9: 2226 | B9: 14 | C9: 27527 | D9: 14 | E9: Aura Brazil | F9: 1495052 | G9: 8 | H9: PENTE CURVO - USINADO LISO | I9: 1 | J9: 46185 | K9: =WEEKNUM(Tabela3[[#This Row],[Prazo Fundido]]) -> 24 | L9: 46188 | N9: 46211 | P9: OK | Q9: OK | R9: OK | S9: =IF(R9<0,"ATRASADO",IF(R9<=15,"ATENÇÃO","NO PRAZO")) -> NO PRAZO | T9: =WEEKNUM(Tabela3[[#This Row],[Prazo Entrega]]) -> 28 | U9: c/ usinagem | V9: AG. COLETA
A10: 2226 | B10: 15 | C10: 27527 | D10: 15 | E10: Aura Brazil | F10: 1495052 | G10: 9 | H10: PENTE CURVO - USINADO LISO | I10: 1 | J10: 46185 | K10: =WEEKNUM(Tabela3[[#This Row],[Prazo Fundido]]) -> 24 | L10: 46188 | N10: 46211 | P10: OK | Q10: OK | R10: OK | S10: =IF(R10<0,"ATRASADO",IF(R10<=15,"ATENÇÃO","NO PRAZO")) -> NO PRAZO | T10: =WEEKNUM(Tabela3[[#This Row],[Prazo Entrega]]) -> 28 | U10: c/ usinagem | V10: AG. COLETA
A11: 2226 | B11: 17 | C11: 27527 | D11: 17 | E11: Aura Brazil | F11: 1495054 | G11: 1 | H11: PENTE CURVO - USINADO LISO | I11: 1 | J11: 46185 | K11: =WEEKNUM(Tabela3[[#This Row],[Prazo Fundido]]) -> 24 | L11: 46188 | N11: 46211 | P11: OK | Q11: OK | R11: OK | S11: =IF(R11<0,"ATRASADO",IF(R11<=15,"ATENÇÃO","NO PRAZO")) -> NO PRAZO | T11: =WEEKNUM(Tabela3[[#This Row],[Prazo Entrega]]) -> 28 | U11: c/ usinagem | V11: AG. COLETA | W11: RNC 13867 - FUNDIU PENTE 66"
A12: 2226 | B12: 18 | C12: 27527 | D12: 18 | E12: Aura Brazil | F12: 1495054 | G12: 2 | H12: PENTE CURVO - USINADO LISO | I12: 1 | J12: 46185 | K12: =WEEKNUM(Tabela3[[#This Row],[Prazo Fundido]]) -> 24 | L12: 46188 | N12: 46211 | P12: OK | Q12: OK | R12: OK | S12: =IF(R12<0,"ATRASADO",IF(R12<=15,"ATENÇÃO","NO PRAZO")) -> NO PRAZO | T12: =WEEKNUM(Tabela3[[#This Row],[Prazo Entrega]]) -> 28 | U12: c/ usinagem | V12: AG. COLETA | W12: RNC 13868 - FUNDIU PENTE 66"
A13: 2226 | B13: 19 | C13: 27527 | D13: 19 | E13: Aura Brazil | F13: 1495054 | G13: 3 | H13: PENTE CURVO - USINADO LISO | I13: 1 | J13: 46185 | K13: =WEEKNUM(Tabela3[[#This Row],[Prazo Fundido]]) -> 24 | L13: 46188 | N13: 46211 | P13: OK | Q13: OK | R13: OK | S13: =IF(R13<0,"ATRASADO",IF(R13<=15,"ATENÇÃO","NO PRAZO")) -> NO PRAZO | T13: =WEEKNUM(Tabela3[[#This Row],[Prazo Entrega]]) -> 28 | U13: c/ usinagem | V13: AG. COLETA | W13: RNC 13869 - FUNDIU PENTE 66"
A14: 2227 | B14: 1 | C14: 27528 | D14: 1 | E14: MS Internacional | F14: 1454053 | G14: 1 | H14: PENTE INFERIOR CONVENCIONAL 84" | I14: 1 | J14: 46185 | K14: =WEEKNUM(Tabela3[[#This Row],[Prazo Fundido]]) -> 24 | L14: 46190 | N14: 46211 | P14: OK | Q14: OK | R14: OK | S14: =IF(R14<0,"ATRASADO",IF(R14<=15,"ATENÇÃO","NO PRAZO")) -> NO PRAZO | T14: =WEEKNUM(Tabela3[[#This Row],[Prazo Entrega]]) -> 28 | U14: c/ usinagem | V14: AG. COLETA
A15: 2227 | B15: 2 | C15: 27528 | D15: 2 | E15: MS Internacional | F15: 1454053 | G15: 2 | H15: PENTE INFERIOR CONVENCIONAL 84" | I15: 1 | J15: 46185 | K15: =WEEKNUM(Tabela3[[#This Row],[Prazo Fundido]]) -> 24 | L15: 46190 | N15: 46211 | P15: OK | Q15: OK | R15: OK | S15: =IF(R15<0,"ATRASADO",IF(R15<=15,"ATENÇÃO","NO PRAZO")) -> NO PRAZO | T15: =WEEKNUM(Tabela3[[#This Row],[Prazo Entrega]]) -> 28 | U15: c/ usinagem | V15: AG. COLETA
A16: 2227 | B16: 3 | C16: 27528 | D16: 3 | E16: MS Internacional | F16: 1454053 | G16: 3 | H16: PENTE INFERIOR CONVENCIONAL 84" | I16: 1 | J16: 46185 | K16: =WEEKNUM(Tabela3[[#This Row],[Prazo Fundido]]) -> 24 | L16: 46190 | N16: 46211 | P16: OK | Q16: OK | R16: OK | S16: =IF(R16<0,"ATRASADO",IF(R16<=15,"ATENÇÃO","NO PRAZO")) -> NO PRAZO | T16: =WEEKNUM(Tabela3[[#This Row],[Prazo Entrega]]) -> 28 | U16: c/ usinagem | V16: AG. COLETA
A17: 2227 | B17: 4 | C17: 27528 | D17: 4 | E17: MS Internacional | F17: 1454053 | G17: 4 | H17: PENTE INFERIOR CONVENCIONAL 84" | I17: 1 | J17: 46185 | K17: =WEEKNUM(Tabela3[[#This Row],[Prazo Fundido]]) -> 24 | L17: 46190 | N17: 46211 | P17: OK | Q17: OK | R17: OK | S17: =IF(R17<0,"ATRASADO",IF(R17<=15,"ATENÇÃO","NO PRAZO")) -> NO PRAZO | T17: =WEEKNUM(Tabela3[[#This Row],[Prazo Entrega]]) -> 28 | U17: c/ usinagem | V17: AG. COLETA
A18: 2227 | B18: 5 | C18: 27528 | D18: 5 | E18: MS Internacional | F18: 1454054 | G18: 1 | H18: PENTE SUPERIOR CONVENCIONAL 84" | I18: 1 | J18: 46185 | K18: =WEEKNUM(Tabela3[[#This Row],[Prazo Fundido]]) -> 24 | L18: 46188 | N18: 46211 | P18: OK | Q18: OK | R18: OK | S18: =IF(R18<0,"ATRASADO",IF(R18<=15,"ATENÇÃO","NO PRAZO")) -> NO PRAZO | T18: =WEEKNUM(Tabela3[[#This Row],[Prazo Entrega]]) -> 28 | U18: c/ usinagem | V18: AG. COLETA
A19: 2227 | B19: 6 | C19: 27528 | D19: 6 | E19: MS Internacional | F19: 1454054 | G19: 2 | H19: PENTE SUPERIOR CONVENCIONAL 84" | I19: 1 | J19: 46185 | K19: =WEEKNUM(Tabela3[[#This Row],[Prazo Fundido]]) -> 24 | L19: 46188 | N19: 46211 | P19: OK | Q19: OK | R19: OK | S19: =IF(R19<0,"ATRASADO",IF(R19<=15,"ATENÇÃO","NO PRAZO")) -> NO PRAZO | T19: =WEEKNUM(Tabela3[[#This Row],[Prazo Entrega]]) -> 28 | U19: c/ usinagem | V19: AG. COLETA
A20: 2227 | B20: 7 | C20: 27528 | D20: 7 | E20: MS Internacional | F20: 1454054 | G20: 3 | H20: PENTE SUPERIOR CONVENCIONAL 84" | I20: 1 | J20: 46185 | K20: =WEEKNUM(Tabela3[[#This Row],[Prazo Fundido]]) -> 24 | L20: 46188 | N20: 46211 | P20: OK | Q20: OK | R20: OK | S20: =IF(R20<0,"ATRASADO",IF(R20<=15,"ATENÇÃO","NO PRAZO")) -> NO PRAZO | T20: =WEEKNUM(Tabela3[[#This Row],[Prazo Entrega]]) -> 28 | U20: c/ usinagem | V20: AG. COLETA
A21: 2227 | B21: 8 | C21: 27528 | D21: 8 | E21: MS Internacional | F21: 1454053 | G21: 5 | H21: PENTE INFERIOR CONVENCIONAL 84" | I21: 1 | J21: 46185 | K21: =WEEKNUM(Tabela3[[#This Row],[Prazo Fundido]]) -> 24 | L21: 46190 | N21: 46211 | P21: OK | Q21: OK | R21: OK | S21: =IF(R21<0,"ATRASADO",IF(R21<=15,"ATENÇÃO","NO PRAZO")) -> NO PRAZO | T21: =WEEKNUM(Tabela3[[#This Row],[Prazo Entrega]]) -> 28 | U21: c/ usinagem | V21: AG. COLETA
A22: 2227 | B22: 9 | C22: 27528 | D22: 9 | E22: MS Internacional | F22: 1454053 | G22: 6 | H22: PENTE INFERIOR CONVENCIONAL 84" | I22: 1 | J22: 46185 | K22: =WEEKNUM(Tabela3[[#This Row],[Prazo Fundido]]) -> 24 | L22: 46190 | N22: 46211 | P22: OK | Q22: OK | R22: OK | S22: =IF(R22<0,"ATRASADO",IF(R22<=15,"ATENÇÃO","NO PRAZO")) -> NO PRAZO | T22: =WEEKNUM(Tabela3[[#This Row],[Prazo Entrega]]) -> 28 | U22: c/ usinagem | V22: AG. COLETA
A23: 2227 | B23: 10 | C23: 27528 | D23: 10 | E23: MS Internacional | F23: 1454053 | G23: 7 | H23: PENTE INFERIOR CONVENCIONAL 84" | I23: 1 | J23: 46185 | K23: =WEEKNUM(Tabela3[[#This Row],[Prazo Fundido]]) -> 24 | L23: 46190 | N23: 46211 | P23: OK | Q23: OK | R23: OK | S23: =IF(R23<0,"ATRASADO",IF(R23<=15,"ATENÇÃO","NO PRAZO")) -> NO PRAZO | T23: =WEEKNUM(Tabela3[[#This Row],[Prazo Entrega]]) -> 28 | U23: c/ usinagem | V23: AG. COLETA
A24: 2227 | B24: 11 | C24: 27528 | D24: 11 | E24: MS Internacional | F24: 1454053 | G24: 8 | H24: PENTE INFERIOR CONVENCIONAL 84" | I24: 1 | J24: 46185 | K24: =WEEKNUM(Tabela3[[#This Row],[Prazo Fundido]]) -> 24 | L24: 46190 | N24: 46211 | P24: OK | Q24: OK | R24: OK | S24: =IF(R24<0,"ATRASADO",IF(R24<=15,"ATENÇÃO","NO PRAZO")) -> NO PRAZO | T24: =WEEKNUM(Tabela3[[#This Row],[Prazo Entrega]]) -> 28 | U24: c/ usinagem | V24: AG. COLETA
A25: 2227 | B25: 12 | C25: 27528 | D25: 12 | E25: MS Internacional | F25: 1454054 | G25: 4 | H25: PENTE SUPERIOR CONVENCIONAL 84" | I25: 1 | J25: 46185 | K25: =WEEKNUM(Tabela3[[#This Row],[Prazo Fundido]]) -> 24 | L25: 46188 | N25: 46211 | P25: OK | Q25: OK | R25: OK | S25: =IF(R25<0,"ATRASADO",IF(R25<=15,"ATENÇÃO","NO PRAZO")) -> NO PRAZO | T25: =WEEKNUM(Tabela3[[#This Row],[Prazo Entrega]]) -> 28 | U25: c/ usinagem | V25: AG. COLETA
A26: 2227 | B26: 13 | C26: 27528 | D26: 13 | E26: MS Internacional | F26: 1454054 | G26: 5 | H26: PENTE SUPERIOR CONVENCIONAL 84" | I26: 1 | J26: 46185 | K26: =WEEKNUM(Tabela3[[#This Row],[Prazo Fundido]]) -> 24 | L26: 46188 | N26: 46211 | P26: OK | Q26: OK | R26: OK | S26: =IF(R26<0,"ATRASADO",IF(R26<=15,"ATENÇÃO","NO PRAZO")) -> NO PRAZO | T26: =WEEKNUM(Tabela3[[#This Row],[Prazo Entrega]]) -> 28 | U26: c/ usinagem | V26: AG. COLETA
A27: 2227 | B27: 21 | C27: CHAPA | D27: - | E27: MS Internacional | F27: CHAPA | G27: - | H27: PENTE SUPERIOR EM CHAPA RETO 82" | I27: 1 | J27: 46183 | K27: =WEEKNUM(Tabela3[[#This Row],[Prazo Fundido]]) -> 24 | L27: 46183 | N27: 46211 | P27: OK | Q27: OK | R27: OK | S27: =IF(R27<0,"ATRASADO",IF(R27<=15,"ATENÇÃO","NO PRAZO")) -> NO PRAZO | T27: =WEEKNUM(Tabela3[[#This Row],[Prazo Entrega]]) -> 28 | U27: c/ usinagem | V27: AG. COLETA
A28: 2227 | B28: 22 | C28: CHAPA | D28: - | E28: MS Internacional | F28: CHAPA | G28: - | H28: PENTE SUPERIOR EM CHAPA RETO 82" | I28: 1 | J28: 46183 | K28: =WEEKNUM(Tabela3[[#This Row],[Prazo Fundido]]) -> 24 | L28: 46183 | N28: 46211 | P28: OK | Q28: OK | R28: OK | S28: =IF(R28<0,"ATRASADO",IF(R28<=15,"ATENÇÃO","NO PRAZO")) -> NO PRAZO | T28: =WEEKNUM(Tabela3[[#This Row],[Prazo Entrega]]) -> 28 | U28: c/ usinagem | V28: AG. COLETA
A29: 2227 | B29: 23 | C29: CHAPA | D29: - | E29: MS Internacional | F29: CHAPA | G29: - | H29: PENTE SUPERIOR EM CHAPA RETO 82" | I29: 1 | J29: 46183 | K29: =WEEKNUM(Tabela3[[#This Row],[Prazo Fundido]]) -> 24 | L29: 46183 | N29: 46211 | P29: OK | Q29: OK | R29: OK | S29: =IF(R29<0,"ATRASADO",IF(R29<=15,"ATENÇÃO","NO PRAZO")) -> NO PRAZO | T29: =WEEKNUM(Tabela3[[#This Row],[Prazo Entrega]]) -> 28 | U29: c/ usinagem | V29: AG. COLETA
A30: 2227 | B30: 24 | C30: CHAPA | D30: - | E30: MS Internacional | F30: CHAPA | G30: - | H30: PENTE SUPERIOR EM CHAPA RETO 82" | I30: 1 | J30: 46183 | K30: =WEEKNUM(Tabela3[[#This Row],[Prazo Fundido]]) -> 24 | L30: 46183 | N30: 46211 | P30: OK | Q30: OK | R30: OK | S30: =IF(R30<0,"ATRASADO",IF(R30<=15,"ATENÇÃO","NO PRAZO")) -> NO PRAZO | T30: =WEEKNUM(Tabela3[[#This Row],[Prazo Entrega]]) -> 28 | U30: c/ usinagem | V30: AG. COLETA
A31: 2227 | B31: 25 | C31: CHAPA | D31: - | E31: MS Internacional | F31: CHAPA | G31: - | H31: PENTE SUPERIOR EM CHAPA RETO 82" | I31: 1 | J31: 46183 | K31: =WEEKNUM(Tabela3[[#This Row],[Prazo Fundido]]) -> 24 | L31: 46183 | N31: 46211 | P31: OK | Q31: OK | R31: OK | S31: =IF(R31<0,"ATRASADO",IF(R31<=15,"ATENÇÃO","NO PRAZO")) -> NO PRAZO | T31: =WEEKNUM(Tabela3[[#This Row],[Prazo Entrega]]) -> 28 | U31: c/ usinagem | V31: AG. COLETA
A32: 2227 | B32: 26 | C32: CHAPA | D32: - | E32: MS Internacional | F32: CHAPA | G32: - | H32: PENTE SUPERIOR EM CHAPA RETO 82" | I32: 1 | J32: 46183 | K32: =WEEKNUM(Tabela3[[#This Row],[Prazo Fundido]]) -> 24 | L32: 46183 | N32: 46211 | P32: OK | Q32: OK | R32: OK | S32: =IF(R32<0,"ATRASADO",IF(R32<=15,"ATENÇÃO","NO PRAZO")) -> NO PRAZO | T32: =WEEKNUM(Tabela3[[#This Row],[Prazo Entrega]]) -> 28 | U32: c/ usinagem | V32: AG. COLETA
A33: 1951 | B33: 9 | C33: 27276 | D33: - | E33: Cofco Potirendaba | F33: 1202015 | G33: - | H33: PENTE SUPERIOR CURVO 78" | I33: 1 | J33: 46190 | K33: =WEEKNUM(Tabela3[[#This Row],[Prazo Fundido]]) -> 25 | L33: 46190 | N33: 46233 | P33: OK | Q33: OK | R33: =Tabela3[[#This Row],[Prazo Entrega]]-TODAY() -> 14 | S33: =IF(R33<0,"ATRASADO",IF(R33<=15,"ATENÇÃO","NO PRAZO")) -> ATENÇÃO | T33: =WEEKNUM(Tabela3[[#This Row],[Prazo Entrega]]) -> 31 | U33: c/ usinagem | V33: EM INSPEÇÃO
A34: 1951 | B34: 10 | C34: 27276 | D34: - | E34: Cofco Potirendaba | F34: 1202015 | G34: - | H34: PENTE SUPERIOR CURVO 78" | I34: 1 | J34: 46190 | K34: =WEEKNUM(Tabela3[[#This Row],[Prazo Fundido]]) -> 25 | L34: 46190 | N34: 46233 | P34: OK | Q34: OK | R34: =Tabela3[[#This Row],[Prazo Entrega]]-TODAY() -> 14 | S34: =IF(R34<0,"ATRASADO",IF(R34<=15,"ATENÇÃO","NO PRAZO")) -> ATENÇÃO | T34: =WEEKNUM(Tabela3[[#This Row],[Prazo Entrega]]) -> 31 | U34: c/ usinagem | V34: EM INSPEÇÃO
A35: 1951 | B35: 11 | C35: 27276 | D35: - | E35: Cofco Potirendaba | F35: 1202015 | G35: - | H35: PENTE SUPERIOR CURVO 78" | I35: 1 | J35: 46190 | K35: =WEEKNUM(Tabela3[[#This Row],[Prazo Fundido]]) -> 25 | L35: 46190 | N35: 46233 | P35: OK | Q35: OK | R35: =Tabela3[[#This Row],[Prazo Entrega]]-TODAY() -> 14 | S35: =IF(R35<0,"ATRASADO",IF(R35<=15,"ATENÇÃO","NO PRAZO")) -> ATENÇÃO | T35: =WEEKNUM(Tabela3[[#This Row],[Prazo Entrega]]) -> 31 | U35: c/ usinagem | V35: EM INSPEÇÃO
A36: 1951 | B36: 12 | C36: 27276 | D36: - | E36: Cofco Potirendaba | F36: 1202015 | G36: - | H36: PENTE SUPERIOR CURVO 78" | I36: 1 | J36: 46190 | K36: =WEEKNUM(Tabela3[[#This Row],[Prazo Fundido]]) -> 25 | L36: 46190 | N36: 46233 | P36: OK | Q36: OK | R36: =Tabela3[[#This Row],[Prazo Entrega]]-TODAY() -> 14 | S36: =IF(R36<0,"ATRASADO",IF(R36<=15,"ATENÇÃO","NO PRAZO")) -> ATENÇÃO | T36: =WEEKNUM(Tabela3[[#This Row],[Prazo Entrega]]) -> 31 | U36: c/ usinagem | V36: EM INSPEÇÃO
A37: 1951 | B37: 13 | C37: 27276 | D37: - | E37: Cofco Potirendaba | F37: 1202015 | G37: - | H37: PENTE SUPERIOR CURVO 78" | I37: 1 | J37: 46190 | K37: =WEEKNUM(Tabela3[[#This Row],[Prazo Fundido]]) -> 25 | L37: 46190 | N37: 46233 | P37: OK | Q37: OK | R37: =Tabela3[[#This Row],[Prazo Entrega]]-TODAY() -> 14 | S37: =IF(R37<0,"ATRASADO",IF(R37<=15,"ATENÇÃO","NO PRAZO")) -> ATENÇÃO | T37: =WEEKNUM(Tabela3[[#This Row],[Prazo Entrega]]) -> 31 | U37: c/ usinagem | V37: EM INSPEÇÃO
A38: 1031 | B38: 3 | C38: 27609 | D38: 3 | E38: Água Bonita | F38: - | G38: - | H38: PENTE SUPERIOR CONVENCIONAL 84" | I38: 1 | J38: 46226 | K38: =WEEKNUM(Tabela3[[#This Row],[Prazo Fundido]]) -> 30 | N38: 46266 | P38: OK | Q38: OK | R38: =Tabela3[[#This Row],[Prazo Entrega]]-TODAY() -> 47 | S38: =IF(R38<0,"ATRASADO",IF(R38<=15,"ATENÇÃO","NO PRAZO")) -> NO PRAZO | T38: =WEEKNUM(Tabela3[[#This Row],[Prazo Entrega]]) -> 36 | U38: c/ usinagem | V38: AG. FUNDIDO
A39: 1031 | B39: 4 | C39: 27609 | D39: 4 | E39: Água Bonita | F39: - | G39: - | H39: PENTE SUPERIOR CONVENCIONAL 84" | I39: 1 | J39: 46226 | K39: =WEEKNUM(Tabela3[[#This Row],[Prazo Fundido]]) -> 30 | N39: 46266 | P39: OK | Q39: OK | R39: =Tabela3[[#This Row],[Prazo Entrega]]-TODAY() -> 47 | S39: =IF(R39<0,"ATRASADO",IF(R39<=15,"ATENÇÃO","NO PRAZO")) -> NO PRAZO | T39: =WEEKNUM(Tabela3[[#This Row],[Prazo Entrega]]) -> 36 | U39: c/ usinagem | V39: AG. FUNDIDO
A40: 1031 | B40: 5 | C40: 27609 | D40: 5 | E40: Água Bonita | F40: - | G40: - | H40: PENTE SUPERIOR CONVENCIONAL 84" | I40: 1 | J40: 46226 | K40: =WEEKNUM(Tabela3[[#This Row],[Prazo Fundido]]) -> 30 | N40: 46266 | P40: OK | Q40: OK | R40: =Tabela3[[#This Row],[Prazo Entrega]]-TODAY() -> 47 | S40: =IF(R40<0,"ATRASADO",IF(R40<=15,"ATENÇÃO","NO PRAZO")) -> NO PRAZO | T40: =WEEKNUM(Tabela3[[#This Row],[Prazo Entrega]]) -> 36 | U40: c/ usinagem | V40: AG. FUNDIDO
A41: 1031 | B41: 6 | C41: 27609 | D41: 6 | E41: Água Bonita | F41: - | G41: - | H41: PENTE SUPERIOR CONVENCIONAL 84" | I41: 1 | J41: 46226 | K41: =WEEKNUM(Tabela3[[#This Row],[Prazo Fundido]]) -> 30 | N41: 46266 | P41: OK | Q41: OK | R41: =Tabela3[[#This Row],[Prazo Entrega]]-TODAY() -> 47 | S41: =IF(R41<0,"ATRASADO",IF(R41<=15,"ATENÇÃO","NO PRAZO")) -> NO PRAZO | T41: =WEEKNUM(Tabela3[[#This Row],[Prazo Entrega]]) -> 36 | U41: c/ usinagem | V41: AG. FUNDIDO
A42: 1031 | B42: 7 | C42: 27609 | D42: 7 | E42: Água Bonita | F42: - | G42: - | H42: PENTE SUPERIOR CONVENCIONAL 84" | I42: 1 | J42: 46226 | K42: =WEEKNUM(Tabela3[[#This Row],[Prazo Fundido]]) -> 30 | N42: 46266 | P42: OK | Q42: OK | R42: =Tabela3[[#This Row],[Prazo Entrega]]-TODAY() -> 47 | S42: =IF(R42<0,"ATRASADO",IF(R42<=15,"ATENÇÃO","NO PRAZO")) -> NO PRAZO | T42: =WEEKNUM(Tabela3[[#This Row],[Prazo Entrega]]) -> 36 | U42: c/ usinagem | V42: AG. FUNDIDO
A43: 1031 | B43: 8 | C43: 27609 | D43: 8 | E43: Água Bonita | F43: - | G43: - | H43: PENTE SUPERIOR CONVENCIONAL 84" | I43: 1 | J43: 46226 | K43: =WEEKNUM(Tabela3[[#This Row],[Prazo Fundido]]) -> 30 | N43: 46266 | P43: OK | Q43: OK | R43: =Tabela3[[#This Row],[Prazo Entrega]]-TODAY() -> 47 | S43: =IF(R43<0,"ATRASADO",IF(R43<=15,"ATENÇÃO","NO PRAZO")) -> NO PRAZO | T43: =WEEKNUM(Tabela3[[#This Row],[Prazo Entrega]]) -> 36 | U43: c/ usinagem | V43: AG. FUNDIDO
A44: 1031 | B44: 9 | C44: 27609 | D44: 9 | E44: Água Bonita | F44: - | G44: - | H44: PENTE INFERIOR CONVENCIONAL 84" | I44: 1 | J44: 46226 | K44: =WEEKNUM(Tabela3[[#This Row],[Prazo Fundido]]) -> 30 | N44: 46266 | P44: OK | Q44: OK | R44: =Tabela3[[#This Row],[Prazo Entrega]]-TODAY() -> 47 | S44: =IF(R44<0,"ATRASADO",IF(R44<=15,"ATENÇÃO","NO PRAZO")) -> NO PRAZO | T44: =WEEKNUM(Tabela3[[#This Row],[Prazo Entrega]]) -> 36 | U44: c/ usinagem | V44: AG. FUNDIDO
A45: 1031 | B45: 10 | C45: 27609 | D45: 10 | E45: Água Bonita | F45: - | G45: - | H45: PENTE INFERIOR CONVENCIONAL 84" | I45: 1 | J45: 46226 | K45: =WEEKNUM(Tabela3[[#This Row],[Prazo Fundido]]) -> 30 | N45: 46266 | P45: OK | Q45: OK | R45: =Tabela3[[#This Row],[Prazo Entrega]]-TODAY() -> 47 | S45: =IF(R45<0,"ATRASADO",IF(R45<=15,"ATENÇÃO","NO PRAZO")) -> NO PRAZO | T45: =WEEKNUM(Tabela3[[#This Row],[Prazo Entrega]]) -> 36 | U45: c/ usinagem | V45: AG. FUNDIDO
A46: 1031 | B46: 11 | C46: 27609 | D46: 11 | E46: Água Bonita | F46: - | G46: - | H46: PENTE INFERIOR CONVENCIONAL 84" | I46: 1 | J46: 46226 | K46: =WEEKNUM(Tabela3[[#This Row],[Prazo Fundido]]) -> 30 | N46: 46266 | P46: OK | Q46: OK | R46: =Tabela3[[#This Row],[Prazo Entrega]]-TODAY() -> 47 | S46: =IF(R46<0,"ATRASADO",IF(R46<=15,"ATENÇÃO","NO PRAZO")) -> NO PRAZO | T46: =WEEKNUM(Tabela3[[#This Row],[Prazo Entrega]]) -> 36 | U46: c/ usinagem | V46: AG. FUNDIDO
A47: 1031 | B47: 12 | C47: 27609 | D47: 12 | E47: Água Bonita | F47: - | G47: - | H47: PENTE INFERIOR CONVENCIONAL 84" | I47: 1 | J47: 46226 | K47: =WEEKNUM(Tabela3[[#This Row],[Prazo Fundido]]) -> 30 | N47: 46266 | P47: OK | Q47: OK | R47: =Tabela3[[#This Row],[Prazo Entrega]]-TODAY() -> 47 | S47: =IF(R47<0,"ATRASADO",IF(R47<=15,"ATENÇÃO","NO PRAZO")) -> NO PRAZO | T47: =WEEKNUM(Tabela3[[#This Row],[Prazo Entrega]]) -> 36 | U47: c/ usinagem | V47: AG. FUNDIDO
A48: 1031 | B48: 13 | C48: 27609 | D48: 13 | E48: Água Bonita | F48: - | G48: - | H48: PENTE INFERIOR CONVENCIONAL 84" | I48: 1 | J48: 46226 | K48: =WEEKNUM(Tabela3[[#This Row],[Prazo Fundido]]) -> 30 | N48: 46266 | P48: OK | Q48: OK | R48: =Tabela3[[#This Row],[Prazo Entrega]]-TODAY() -> 47 | S48: =IF(R48<0,"ATRASADO",IF(R48<=15,"ATENÇÃO","NO PRAZO")) -> NO PRAZO | T48: =WEEKNUM(Tabela3[[#This Row],[Prazo Entrega]]) -> 36 | U48: c/ usinagem | V48: AG. FUNDIDO
A49: 1031 | B49: 14 | C49: 27609 | D49: 14 | E49: Água Bonita | F49: - | G49: - | H49: PENTE INFERIOR CONVENCIONAL 84" | I49: 1 | J49: 46226 | K49: =WEEKNUM(Tabela3[[#This Row],[Prazo Fundido]]) -> 30 | N49: 46266 | P49: OK | Q49: OK | R49: =Tabela3[[#This Row],[Prazo Entrega]]-TODAY() -> 47 | S49: =IF(R49<0,"ATRASADO",IF(R49<=15,"ATENÇÃO","NO PRAZO")) -> NO PRAZO | T49: =WEEKNUM(Tabela3[[#This Row],[Prazo Entrega]]) -> 36 | U49: c/ usinagem | V49: AG. FUNDIDO
... A91: 1031 | B91: 56 | C91: 27609 | D91: 56 | E91: Água Bonita | F91: - | G91: - | H91: PENTE INFERIOR CONVENCIONAL 1700 | I91: 1 | J91: 46256 | K91: =WEEKNUM(Tabela3[[#This Row],[Prazo Fundido]]) -> 34 | N91: 46296 | P91: OK | Q91: OK | R91: =Tabela3[[#This Row],[Prazo Entrega]]-TODAY() -> 77 | S91: =IF(R91<0,"ATRASADO",IF(R91<=15,"ATENÇÃO","NO PRAZO")) -> NO PRAZO | T91: =WEEKNUM(Tabela3[[#This Row],[Prazo Entrega]]) -> 40 | U91: c/ usinagem | V91: AG. FUNDIDO
A92: 2333 | B92: 15 | C92: 27616 | D92: 9 | E92: Ipiranga Passos | F92: - | G92: - | H92: PENTE SUPERIOR CONVENCIONAL FR 2"- 66" | I92: 1 | J92: 46269 | K92: =WEEKNUM(Tabela3[[#This Row],[Prazo Fundido]]) -> 36 | N92: 46325 | P92: =Tabela3[[#This Row],[Prazo Fundido]]-10 -> 46259 | Q92: AG | R92: =Tabela3[[#This Row],[Prazo Entrega]]-TODAY() -> 106 | S92: =IF(R92<0,"ATRASADO",IF(R92<=15,"ATENÇÃO","NO PRAZO")) -> NO PRAZO | T92: =WEEKNUM(Tabela3[[#This Row],[Prazo Entrega]]) -> 44 | U92: c/ usinagem | V92: AG. FUNDIDO
A93: 2333 | B93: 16 | C93: 27616 | D93: 10 | E93: Ipiranga Passos | F93: - | G93: - | H93: PENTE SUPERIOR CONVENCIONAL FR 2"- 66" | I93: 1 | J93: 46269 | K93: =WEEKNUM(Tabela3[[#This Row],[Prazo Fundido]]) -> 36 | N93: 46325 | P93: =Tabela3[[#This Row],[Prazo Fundido]]-10 -> 46259 | Q93: AG | R93: =Tabela3[[#This Row],[Prazo Entrega]]-TODAY() -> 106 | S93: =IF(R93<0,"ATRASADO",IF(R93<=15,"ATENÇÃO","NO PRAZO")) -> NO PRAZO | T93: =WEEKNUM(Tabela3[[#This Row],[Prazo Entrega]]) -> 44 | U93: c/ usinagem | V93: AG. FUNDIDO
A94: 2333 | B94: 17 | C94: 27616 | D94: 11 | E94: Ipiranga Passos | F94: - | G94: - | H94: PENTE SUPERIOR CONVENCIONAL FR 2"- 66" | I94: 1 | J94: 46269 | K94: =WEEKNUM(Tabela3[[#This Row],[Prazo Fundido]]) -> 36 | N94: 46325 | P94: =Tabela3[[#This Row],[Prazo Fundido]]-10 -> 46259 | Q94: AG | R94: =Tabela3[[#This Row],[Prazo Entrega]]-TODAY() -> 106 | S94: =IF(R94<0,"ATRASADO",IF(R94<=15,"ATENÇÃO","NO PRAZO")) -> NO PRAZO | T94: =WEEKNUM(Tabela3[[#This Row],[Prazo Entrega]]) -> 44 | U94: c/ usinagem | V94: AG. FUNDIDO
A95: 2333 | B95: 18 | C95: 27616 | D95: 12 | E95: Ipiranga Passos | F95: - | G95: - | H95: PENTE SUPERIOR CONVENCIONAL FR 2"- 66" | I95: 1 | J95: 46269 | K95: =WEEKNUM(Tabela3[[#This Row],[Prazo Fundido]]) -> 36 | N95: 46325 | P95: =Tabela3[[#This Row],[Prazo Fundido]]-10 -> 46259 | Q95: AG | R95: =Tabela3[[#This Row],[Prazo Entrega]]-TODAY() -> 106 | S95: =IF(R95<0,"ATRASADO",IF(R95<=15,"ATENÇÃO","NO PRAZO")) -> NO PRAZO | T95: =WEEKNUM(Tabela3[[#This Row],[Prazo Entrega]]) -> 44 | U95: c/ usinagem | V95: AG. FUNDIDO
A96: 2333 | B96: 19 | C96: 27616 | D96: 13 | E96: Ipiranga Passos | F96: - | G96: - | H96: PENTE SUPERIOR CONVENCIONAL FR 2"- 66" | I96: 1 | J96: 46269 | K96: =WEEKNUM(Tabela3[[#This Row],[Prazo Fundido]]) -> 36 | N96: 46325 | P96: =Tabela3[[#This Row],[Prazo Fundido]]-10 -> 46259 | Q96: AG | R96: =Tabela3[[#This Row],[Prazo Entrega]]-TODAY() -> 106 | S96: =IF(R96<0,"ATRASADO",IF(R96<=15,"ATENÇÃO","NO PRAZO")) -> NO PRAZO | T96: =WEEKNUM(Tabela3[[#This Row],[Prazo Entrega]]) -> 44 | U96: c/ usinagem | V96: AG. FUNDIDO
A97: 2333 | B97: 20 | C97: 27616 | D97: 14 | E97: Ipiranga Passos | F97: - | G97: - | H97: PENTE SUPERIOR CONVENCIONAL FR 2"- 66" | I97: 1 | J97: 46269 | K97: =WEEKNUM(Tabela3[[#This Row],[Prazo Fundido]]) -> 36 | N97: 46325 | P97: =Tabela3[[#This Row],[Prazo Fundido]]-10 -> 46259 | Q97: AG | R97: =Tabela3[[#This Row],[Prazo Entrega]]-TODAY() -> 106 | S97: =IF(R97<0,"ATRASADO",IF(R97<=15,"ATENÇÃO","NO PRAZO")) -> NO PRAZO | T97: =WEEKNUM(Tabela3[[#This Row],[Prazo Entrega]]) -> 44 | U97: c/ usinagem | V97: AG. FUNDIDO
A98: 2333 | B98: 21 | C98: 27616 | D98: 15 | E98: Ipiranga Passos | F98: - | G98: - | H98: PENTE SUPERIOR CONVENCIONAL FR 2"- 66" | I98: 1 | J98: 46269 | K98: =WEEKNUM(Tabela3[[#This Row],[Prazo Fundido]]) -> 36 | N98: 46325 | P98: =Tabela3[[#This Row],[Prazo Fundido]]-10 -> 46259 | Q98: AG | R98: =Tabela3[[#This Row],[Prazo Entrega]]-TODAY() -> 106 | S98: =IF(R98<0,"ATRASADO",IF(R98<=15,"ATENÇÃO","NO PRAZO")) -> NO PRAZO | T98: =WEEKNUM(Tabela3[[#This Row],[Prazo Entrega]]) -> 44 | U98: c/ usinagem | V98: AG. FUNDIDO
A99: 2333 | B99: 22 | C99: 27616 | D99: 16 | E99: Ipiranga Passos | F99: - | G99: - | H99: PENTE SUPERIOR CONVENCIONAL FR 2"- 66" | I99: 1 | J99: 46269 | K99: =WEEKNUM(Tabela3[[#This Row],[Prazo Fundido]]) -> 36 | N99: 46325 | P99: =Tabela3[[#This Row],[Prazo Fundido]]-10 -> 46259 | Q99: AG | R99: =Tabela3[[#This Row],[Prazo Entrega]]-TODAY() -> 106 | S99: =IF(R99<0,"ATRASADO",IF(R99<=15,"ATENÇÃO","NO PRAZO")) -> NO PRAZO | T99: =WEEKNUM(Tabela3[[#This Row],[Prazo Entrega]]) -> 44 | U99: c/ usinagem | V99: AG. FUNDIDO
A100: 2333 | B100: 23 | C100: 27616 | D100: 17 | E100: Ipiranga Passos | F100: - | G100: - | H100: PENTE SUPERIOR CONVENCIONAL FR 2"- 66" | I100: 1 | J100: 46269 | K100: =WEEKNUM(Tabela3[[#This Row],[Prazo Fundido]]) -> 36 | N100: 46325 | P100: =Tabela3[[#This Row],[Prazo Fundido]]-10 -> 46259 | Q100: AG | R100: =Tabela3[[#This Row],[Prazo Entrega]]-TODAY() -> 106 | S100: =IF(R100<0,"ATRASADO",IF(R100<=15,"ATENÇÃO","NO PRAZO")) -> NO PRAZO | T100: =WEEKNUM(Tabela3[[#This Row],[Prazo Entrega]]) -> 44 | U100: c/ usinagem | V100: AG. FUNDIDO
A101: 2333 | B101: 24 | C101: 27616 | D101: 18 | E101: Ipiranga Passos | F101: - | G101: - | H101: PENTE SUPERIOR CONVENCIONAL FR 2"- 66" | I101: 1 | J101: 46269 | K101: =WEEKNUM(Tabela3[[#This Row],[Prazo Fundido]]) -> 36 | N101: 46325 | P101: =Tabela3[[#This Row],[Prazo Fundido]]-10 -> 46259 | Q101: AG | R101: =Tabela3[[#This Row],[Prazo Entrega]]-TODAY() -> 106 | S101: =IF(R101<0,"ATRASADO",IF(R101<=15,"ATENÇÃO","NO PRAZO")) -> NO PRAZO | T101: =WEEKNUM(Tabela3[[#This Row],[Prazo Entrega]]) -> 44 | U101: c/ usinagem | V101: AG. FUNDIDO
A102: 2333 | B102: 25 | C102: 27616 | D102: 19 | E102: Ipiranga Passos | F102: - | G102: - | H102: PENTE SUPERIOR CONVENCIONAL FR 2"- 66" | I102: 1 | J102: 46269 | K102: =WEEKNUM(Tabela3[[#This Row],[Prazo Fundido]]) -> 36 | N102: 46325 | P102: =Tabela3[[#This Row],[Prazo Fundido]]-10 -> 46259 | Q102: AG | R102: =Tabela3[[#This Row],[Prazo Entrega]]-TODAY() -> 106 | S102: =IF(R102<0,"ATRASADO",IF(R102<=15,"ATENÇÃO","NO PRAZO")) -> NO PRAZO | T102: =WEEKNUM(Tabela3[[#This Row],[Prazo Entrega]]) -> 44 | U102: c/ usinagem | V102: AG. FUNDIDO
A103: 2333 | B103: 26 | C103: 27616 | D103: 20 | E103: Ipiranga Passos | F103: - | G103: - | H103: PENTE SUPERIOR CONVENCIONAL FR 2"- 66" | I103: 1 | J103: 46269 | K103: =WEEKNUM(Tabela3[[#This Row],[Prazo Fundido]]) -> 36 | N103: 46325 | P103: =Tabela3[[#This Row],[Prazo Fundido]]-10 -> 46259 | Q103: AG | R103: =Tabela3[[#This Row],[Prazo Entrega]]-TODAY() -> 106 | S103: =IF(R103<0,"ATRASADO",IF(R103<=15,"ATENÇÃO","NO PRAZO")) -> NO PRAZO | T103: =WEEKNUM(Tabela3[[#This Row],[Prazo Entrega]]) -> 44 | U103: c/ usinagem | V103: AG. FUNDIDO
... A131: 2333 | B131: 54 | C131: 27616 | D131: 48 | E131: Ipiranga Passos | F131: - | G131: - | H131: PENTE INFERIOR CONVENCIONAL FR 1.5" - 66" | I131: 1 | J131: 46269 | K131: =WEEKNUM(Tabela3[[#This Row],[Prazo Fundido]]) -> 36 | N131: 46325 | P131: =Tabela3[[#This Row],[Prazo Fundido]]-10 -> 46259 | Q131: AG | R131: =Tabela3[[#This Row],[Prazo Entrega]]-TODAY() -> 106 | S131: =IF(R131<0,"ATRASADO",IF(R131<=15,"ATENÇÃO","NO PRAZO")) -> NO PRAZO | T131: =WEEKNUM(Tabela3[[#This Row],[Prazo Entrega]]) -> 44 | U131: c/ usinagem | V131: AG. FUNDIDO
A132: 2335 | B132: 1 | C132: Estoque | D132: 0 | E132: São João Araras | F132: 190014 | G132: 3 | H132: PENTE INFERIOR CONVENCIONAL FR 1" - 78" | I132: 1 | J132: 46219 | K132: =WEEKNUM(Tabela3[[#This Row],[Prazo Fundido]]) -> 29 | L132: 46205 | N132: 46220 | P132: OK | Q132: OK | R132: =Tabela3[[#This Row],[Prazo Entrega]]-TODAY() -> 1 | S132: =IF(R132<0,"ATRASADO",IF(R132<=15,"ATENÇÃO","NO PRAZO")) -> ATENÇÃO | T132: =WEEKNUM(Tabela3[[#This Row],[Prazo Entrega]]) -> 29 | U132: c/ usinagem | V132: EM INSPEÇÃO
A133: 2335 | B133: 2 | C133: Estoque | D133: 0 | E133: São João Araras | F133: 190014 | G133: 4 | H133: PENTE INFERIOR CONVENCIONAL FR 1" - 78" | I133: 1 | J133: 46219 | K133: =WEEKNUM(Tabela3[[#This Row],[Prazo Fundido]]) -> 29 | L133: 46205 | N133: 46220 | P133: OK | Q133: OK | R133: =Tabela3[[#This Row],[Prazo Entrega]]-TODAY() -> 1 | S133: =IF(R133<0,"ATRASADO",IF(R133<=15,"ATENÇÃO","NO PRAZO")) -> ATENÇÃO | T133: =WEEKNUM(Tabela3[[#This Row],[Prazo Entrega]]) -> 29 | U133: c/ usinagem | V133: EM INSPEÇÃO
A134: 2335 | B134: 3 | C134: Estoque | D134: 0 | E134: São João Araras | F134: 190014 | G134: 8 | H134: PENTE INFERIOR CONVENCIONAL FR 1" - 78" | I134: 1 | J134: 46219 | K134: =WEEKNUM(Tabela3[[#This Row],[Prazo Fundido]]) -> 29 | L134: 46205 | N134: 46220 | P134: OK | Q134: OK | R134: =Tabela3[[#This Row],[Prazo Entrega]]-TODAY() -> 1 | S134: =IF(R134<0,"ATRASADO",IF(R134<=15,"ATENÇÃO","NO PRAZO")) -> ATENÇÃO | T134: =WEEKNUM(Tabela3[[#This Row],[Prazo Entrega]]) -> 29 | U134: c/ usinagem | V134: EM INSPEÇÃO
A135: 2335 | B135: 4 | C135: Estoque | D135: 0 | E135: São João Araras | F135: 190014 | G135: 9 | H135: PENTE INFERIOR CONVENCIONAL FR 1.1/2" - 78" | I135: 1 | J135: 46219 | K135: =WEEKNUM(Tabela3[[#This Row],[Prazo Fundido]]) -> 29 | L135: 46205 | N135: 46220 | P135: OK | Q135: OK | R135: =Tabela3[[#This Row],[Prazo Entrega]]-TODAY() -> 1 | S135: =IF(R135<0,"ATRASADO",IF(R135<=15,"ATENÇÃO","NO PRAZO")) -> ATENÇÃO | T135: =WEEKNUM(Tabela3[[#This Row],[Prazo Entrega]]) -> 29 | U135: c/ usinagem | V135: EM INSPEÇÃO
A136: 2335 | B136: 5 | C136: Estoque | D136: 0 | E136: São João Araras | F136: 190014 | G136: 13 | H136: PENTE INFERIOR CONVENCIONAL FR 1.1/2" - 78" | I136: 1 | J136: 46219 | K136: =WEEKNUM(Tabela3[[#This Row],[Prazo Fundido]]) -> 29 | L136: 46205 | N136: 46220 | P136: OK | Q136: OK | R136: =Tabela3[[#This Row],[Prazo Entrega]]-TODAY() -> 1 | S136: =IF(R136<0,"ATRASADO",IF(R136<=15,"ATENÇÃO","NO PRAZO")) -> ATENÇÃO | T136: =WEEKNUM(Tabela3[[#This Row],[Prazo Entrega]]) -> 29 | U136: c/ usinagem | V136: EM INSPEÇÃO
A137: 2335 | B137: 6 | C137: 27619 | D137: 1 | E137: São João Araras | F137: 1127018 | G137: 1 | H137: PENTE INFERIOR CONVENCIONAL FR 1" - 84" | I137: 1 | J137: 46219 | K137: =WEEKNUM(Tabela3[[#This Row],[Prazo Fundido]]) -> 29 | N137: 46233 | P137: OK | Q137: OK | R137: =Tabela3[[#This Row],[Prazo Entrega]]-TODAY() -> 14 | S137: =IF(R137<0,"ATRASADO",IF(R137<=15,"ATENÇÃO","NO PRAZO")) -> ATENÇÃO | T137: =WEEKNUM(Tabela3[[#This Row],[Prazo Entrega]]) -> 31 | U137: c/ usinagem | V137: AG. FUNDIDO
A138: 2335 | B138: 7 | C138: 27619 | D138: 2 | E138: São João Araras | F138: 1127018 | G138: 2 | H138: PENTE INFERIOR CONVENCIONAL FR 1" - 84" | I138: 1 | J138: 46219 | K138: =WEEKNUM(Tabela3[[#This Row],[Prazo Fundido]]) -> 29 | N138: 46248 | P138: OK | Q138: OK | R138: =Tabela3[[#This Row],[Prazo Entrega]]-TODAY() -> 29 | S138: =IF(R138<0,"ATRASADO",IF(R138<=15,"ATENÇÃO","NO PRAZO")) -> NO PRAZO | T138: =WEEKNUM(Tabela3[[#This Row],[Prazo Entrega]]) -> 33 | U138: c/ usinagem | V138: AG. FUNDIDO
A139: 2335 | B139: 8 | C139: 27619 | D139: 3 | E139: São João Araras | F139: 1127018 | G139: 3 | H139: PENTE INFERIOR CONVENCIONAL FR 1" - 84" | I139: 1 | J139: 46219 | K139: =WEEKNUM(Tabela3[[#This Row],[Prazo Fundido]]) -> 29 | N139: 46248 | P139: OK | Q139: OK | R139: =Tabela3[[#This Row],[Prazo Entrega]]-TODAY() -> 29 | S139: =IF(R139<0,"ATRASADO",IF(R139<=15,"ATENÇÃO","NO PRAZO")) -> NO PRAZO | T139: =WEEKNUM(Tabela3[[#This Row],[Prazo Entrega]]) -> 33 | U139: c/ usinagem | V139: AG. FUNDIDO
A140: 2335 | B140: 9 | C140: 27619 | D140: 4 | E140: São João Araras | F140: 1127018 | G140: 4 | H140: PENTE INFERIOR CONVENCIONAL FR 1.1/2" - 84" | I140: 1 | J140: 46219 | K140: =WEEKNUM(Tabela3[[#This Row],[Prazo Fundido]]) -> 29 | N140: 46233 | P140: OK | Q140: OK | R140: =Tabela3[[#This Row],[Prazo Entrega]]-TODAY() -> 14 | S140: =IF(R140<0,"ATRASADO",IF(R140<=15,"ATENÇÃO","NO PRAZO")) -> ATENÇÃO | T140: =WEEKNUM(Tabela3[[#This Row],[Prazo Entrega]]) -> 31 | U140: c/ usinagem | V140: AG. FUNDIDO
A141: 2335 | B141: 10 | C141: 27619 | D141: 5 | E141: São João Araras | F141: 1127018 | G141: 5 | H141: PENTE INFERIOR CONVENCIONAL FR 1.1/2" - 84" | I141: 1 | J141: 46219 | K141: =WEEKNUM(Tabela3[[#This Row],[Prazo Fundido]]) -> 29 | N141: 46233 | P141: OK | Q141: OK | R141: =Tabela3[[#This Row],[Prazo Entrega]]-TODAY() -> 14 | S141: =IF(R141<0,"ATRASADO",IF(R141<=15,"ATENÇÃO","NO PRAZO")) -> ATENÇÃO | T141: =WEEKNUM(Tabela3[[#This Row],[Prazo Entrega]]) -> 31 | U141: c/ usinagem | V141: AG. FUNDIDO
A142: 2335 | B142: 11 | C142: 27619 | D142: 6 | E142: São João Araras | F142: 1127018 | G142: 6 | H142: PENTE INFERIOR CONVENCIONAL FR 1.1/2" - 84" | I142: 1 | J142: 46219 | K142: =WEEKNUM(Tabela3[[#This Row],[Prazo Fundido]]) -> 29 | N142: 46248 | P142: OK | Q142: OK | R142: =Tabela3[[#This Row],[Prazo Entrega]]-TODAY() -> 29 | S142: =IF(R142<0,"ATRASADO",IF(R142<=15,"ATENÇÃO","NO PRAZO")) -> NO PRAZO | T142: =WEEKNUM(Tabela3[[#This Row],[Prazo Entrega]]) -> 33 | U142: c/ usinagem | V142: AG. FUNDIDO
A143: 2335 | B143: 12 | C143: 27619 | D143: 7 | E143: São João Araras | F143: 1127018 | G143: 7 | H143: PENTE INFERIOR CONVENCIONAL FR 1.1/2" - 84" | I143: 1 | J143: 46219 | K143: =WEEKNUM(Tabela3[[#This Row],[Prazo Fundido]]) -> 29 | N143: 46248 | P143: OK | Q143: OK | R143: =Tabela3[[#This Row],[Prazo Entrega]]-TODAY() -> 29 | S143: =IF(R143<0,"ATRASADO",IF(R143<=15,"ATENÇÃO","NO PRAZO")) -> NO PRAZO | T143: =WEEKNUM(Tabela3[[#This Row],[Prazo Entrega]]) -> 33 | U143: c/ usinagem | V143: AG. FUNDIDO
A144: 2342 | B144: 1 | C144: Estoque | D144: - | E144: Pagrisa | F144: Chapa | G144: - | H144: PENTE SUP. CHAPA RETO FR 2" - 66" | I144: 1 | J144: 46203 | K144: =WEEKNUM(Tabela3[[#This Row],[Prazo Fundido]]) -> 27 | L144: 46203 | N144: 46233 | O144: 46217 | P144: 46204 | Q144: OK | R144: =Tabela3[[#This Row],[Prazo Entrega]]-TODAY() -> 14 | S144: =IF(R144<0,"ATRASADO",IF(R144<=15,"ATENÇÃO","NO PRAZO")) -> ATENÇÃO | T144: =WEEKNUM(Tabela3[[#This Row],[Prazo Entrega]]) -> 31 | U144: c/ usinagem | V144: AG. COLETA | W144: RWR - entregou 13/07
A145: 2342 | B145: 2 | C145: Estoque | D145: - | E145: Pagrisa | F145: Chapa | G145: - | H145: PENTE SUP. CHAPA RETO FR 2" - 66" | I145: 1 | J145: 46203 | K145: =WEEKNUM(Tabela3[[#This Row],[Prazo Fundido]]) -> 27 | L145: 46203 | N145: 46233 | O145: 46217 | P145: 46204 | Q145: OK | R145: =Tabela3[[#This Row],[Prazo Entrega]]-TODAY() -> 14 | S145: =IF(R145<0,"ATRASADO",IF(R145<=15,"ATENÇÃO","NO PRAZO")) -> ATENÇÃO | T145: =WEEKNUM(Tabela3[[#This Row],[Prazo Entrega]]) -> 31 | U145: c/ usinagem | V145: AG. COLETA | W145: RWR - entregou 13/07
A146: 2342 | B146: 3 | C146: Estoque | D146: - | E146: Pagrisa | F146: Chapa | G146: - | H146: PENTE SUP. CHAPA RETO FR 1.1/2" - 66" | I146: 1 | J146: 46203 | K146: =WEEKNUM(Tabela3[[#This Row],[Prazo Fundido]]) -> 27 | L146: 46203 | N146: 46233 | O146: 46217 | P146: 46204 | Q146: OK | R146: =Tabela3[[#This Row],[Prazo Entrega]]-TODAY() -> 14 | S146: =IF(R146<0,"ATRASADO",IF(R146<=15,"ATENÇÃO","NO PRAZO")) -> ATENÇÃO | T146: =WEEKNUM(Tabela3[[#This Row],[Prazo Entrega]]) -> 31 | U146: c/ usinagem | V146: AG. COLETA | W146: RWR - entregou 13/07
A147: 2342 | B147: 4 | C147: Estoque | D147: - | E147: Pagrisa | F147: Chapa | G147: - | H147: PENTE SUP. CHAPA RETO FR 1.1/2" - 66" | I147: 1 | J147: 46203 | K147: =WEEKNUM(Tabela3[[#This Row],[Prazo Fundido]]) -> 27 | L147: 46203 | N147: 46233 | O147: 46217 | P147: 46204 | Q147: OK | R147: =Tabela3[[#This Row],[Prazo Entrega]]-TODAY() -> 14 | S147: =IF(R147<0,"ATRASADO",IF(R147<=15,"ATENÇÃO","NO PRAZO")) -> ATENÇÃO | T147: =WEEKNUM(Tabela3[[#This Row],[Prazo Entrega]]) -> 31 | U147: c/ usinagem | V147: AG. COLETA | W147: RWR - entregou 13/07
A148: 2342 | B148: 5 | C148: Estoque | D148: - | E148: Pagrisa | F148: - | G148: - | H148: PENTE INF. CONVENCIONAL FR 2" - 66" | I148: 1 | J148: 46203 | K148: =WEEKNUM(Tabela3[[#This Row],[Prazo Fundido]]) -> 27 | L148: 46203 | N148: 46233 | O148: 46217 | P148: 46204 | Q148: OK | R148: =Tabela3[[#This Row],[Prazo Entrega]]-TODAY() -> 14 | S148: =IF(R148<0,"ATRASADO",IF(R148<=15,"ATENÇÃO","NO PRAZO")) -> ATENÇÃO | T148: =WEEKNUM(Tabela3[[#This Row],[Prazo Entrega]]) -> 31 | U148: c/ usinagem | V148: AG. COLETA | W148: RWR - entregou 13/07
A149: 2342 | B149: 6 | C149: Estoque | D149: - | E149: Pagrisa | F149: - | G149: - | H149: PENTE INF. CONVENCIONAL FR 2" - 66" | I149: 1 | J149: 46203 | K149: =WEEKNUM(Tabela3[[#This Row],[Prazo Fundido]]) -> 27 | L149: 46203 | N149: 46233 | O149: 46217 | P149: 46204 | Q149: OK | R149: =Tabela3[[#This Row],[Prazo Entrega]]-TODAY() -> 14 | S149: =IF(R149<0,"ATRASADO",IF(R149<=15,"ATENÇÃO","NO PRAZO")) -> ATENÇÃO | T149: =WEEKNUM(Tabela3[[#This Row],[Prazo Entrega]]) -> 31 | U149: c/ usinagem | V149: AG. COLETA | W149: RWR - entregou 13/07
A150: 2342 | B150: 7 | C150: Estoque | D150: - | E150: Pagrisa | F150: - | G150: - | H150: PENTE INF. CONVENCIONAL FR 1.1/2" - 66" | I150: 1 | J150: 46203 | K150: =WEEKNUM(Tabela3[[#This Row],[Prazo Fundido]]) -> 27 | L150: 46203 | N150: 46233 | O150: 46217 | P150: 46204 | Q150: OK | R150: =Tabela3[[#This Row],[Prazo Entrega]]-TODAY() -> 14 | S150: =IF(R150<0,"ATRASADO",IF(R150<=15,"ATENÇÃO","NO PRAZO")) -> ATENÇÃO | T150: =WEEKNUM(Tabela3[[#This Row],[Prazo Entrega]]) -> 31 | U150: c/ usinagem | V150: AG. COLETA | W150: RWR - entregou 13/07
A151: 2342 | B151: 8 | C151: Estoque | D151: - | E151: Pagrisa | F151: - | G151: - | H151: PENTE INF. CONVENCIONAL FR 1.1/2" - 66" | I151: 1 | J151: 46203 | K151: =WEEKNUM(Tabela3[[#This Row],[Prazo Fundido]]) -> 27 | L151: 46203 | N151: 46233 | O151: 46217 | P151: 46204 | Q151: OK | R151: =Tabela3[[#This Row],[Prazo Entrega]]-TODAY() -> 14 | S151: =IF(R151<0,"ATRASADO",IF(R151<=15,"ATENÇÃO","NO PRAZO")) -> ATENÇÃO | T151: =WEEKNUM(Tabela3[[#This Row],[Prazo Entrega]]) -> 31 | U151: c/ usinagem | V151: AG. COLETA | W151: RWR - entregou 13/07
A152: 2335 | B152: 13 | C152: 27619 | D152: 8 | E152: São João Araras | F152: 1127018 | G152: 8 | H152: PENTE INFERIOR CONVENCIONAL FR 1.1/2" - 84" | I152: 1 | J152: 46219 | K152: =WEEKNUM(Tabela3[[#This Row],[Prazo Fundido]]) -> 29 | N152: 46248 | P152: OK | Q152: OK | R152: =Tabela3[[#This Row],[Prazo Entrega]]-TODAY() -> 29 | S152: =IF(R152<0,"ATRASADO",IF(R152<=15,"ATENÇÃO","NO PRAZO")) -> NO PRAZO | T152: =WEEKNUM(Tabela3[[#This Row],[Prazo Entrega]]) -> 33 | U152: c/ usinagem | V152: AG. FUNDIDO
A153: 2335 | B153: 14 | C153: 27619 | D153: 9 | E153: São João Araras | F153: 1127018 | G153: 9 | H153: PENTE INFERIOR CONVENCIONAL FR 2" - 84" | I153: 1 | J153: 46219 | K153: =WEEKNUM(Tabela3[[#This Row],[Prazo Fundido]]) -> 29 | N153: 46233 | P153: OK | Q153: OK | R153: =Tabela3[[#This Row],[Prazo Entrega]]-TODAY() -> 14 | S153: =IF(R153<0,"ATRASADO",IF(R153<=15,"ATENÇÃO","NO PRAZO")) -> ATENÇÃO | T153: =WEEKNUM(Tabela3[[#This Row],[Prazo Entrega]]) -> 31 | U153: c/ usinagem | V153: AG. FUNDIDO
A154: 2335 | B154: 15 | C154: 27619 | D154: 10 | E154: São João Araras | F154: 1127018 | G154: 10 | H154: PENTE INFERIOR CONVENCIONAL FR 2" - 84" | I154: 1 | J154: 46219 | K154: =WEEKNUM(Tabela3[[#This Row],[Prazo Fundido]]) -> 29 | N154: 46233 | P154: OK | Q154: OK | R154: =Tabela3[[#This Row],[Prazo Entrega]]-TODAY() -> 14 | S154: =IF(R154<0,"ATRASADO",IF(R154<=15,"ATENÇÃO","NO PRAZO")) -> ATENÇÃO | T154: =WEEKNUM(Tabela3[[#This Row],[Prazo Entrega]]) -> 31 | U154: c/ usinagem | V154: AG. FUNDIDO
A155: 2335 | B155: 16 | C155: 27619 | D155: 11 | E155: São João Araras | F155: 1127018 | G155: 11 | H155: PENTE INFERIOR CONVENCIONAL FR 2" - 84" | I155: 1 | J155: 46219 | K155: =WEEKNUM(Tabela3[[#This Row],[Prazo Fundido]]) -> 29 | N155: 46248 | P155: OK | Q155: OK | R155: =Tabela3[[#This Row],[Prazo Entrega]]-TODAY() -> 29 | S155: =IF(R155<0,"ATRASADO",IF(R155<=15,"ATENÇÃO","NO PRAZO")) -> NO PRAZO | T155: =WEEKNUM(Tabela3[[#This Row],[Prazo Entrega]]) -> 33 | U155: c/ usinagem | V155: AG. FUNDIDO
A156: 2335 | B156: 17 | C156: 27619 | D156: 12 | E156: São João Araras | F156: 1127018 | G156: 12 | H156: PENTE INFERIOR CONVENCIONAL FR 2" - 84" | I156: 1 | J156: 46219 | K156: =WEEKNUM(Tabela3[[#This Row],[Prazo Fundido]]) -> 29 | N156: 46248 | P156: OK | Q156: OK | R156: =Tabela3[[#This Row],[Prazo Entrega]]-TODAY() -> 29 | S156: =IF(R156<0,"ATRASADO",IF(R156<=15,"ATENÇÃO","NO PRAZO")) -> NO PRAZO | T156: =WEEKNUM(Tabela3[[#This Row],[Prazo Entrega]]) -> 33 | U156: c/ usinagem | V156: AG. FUNDIDO
A157: 2352 | B157: 1 | C157: 27635 | D157: 1 | E157: Simisa | H157: PENTE INF/SUP TIPO CONVENCIONAL - 2000 | I157: 1 | J157: 46241 | K157: =WEEKNUM(Tabela3[[#This Row],[Prazo Fundido]]) -> 32 | N157: 46241 | P157: OK | Q157: OK | R157: =Tabela3[[#This Row],[Prazo Entrega]]-TODAY() -> 22 | S157: =IF(R157<0,"ATRASADO",IF(R157<=15,"ATENÇÃO","NO PRAZO")) -> NO PRAZO | T157: =WEEKNUM(Tabela3[[#This Row],[Prazo Entrega]]) -> 32 | U157: Bruto | V157: AG. FUNDIDO
A158: 2352 | B158: 2 | C158: 27635 | D158: 2 | E158: Simisa | H158: PENTE INF/SUP TIPO CONVENCIONAL - 2000 | I158: 1 | J158: 46241 | K158: =WEEKNUM(Tabela3[[#This Row],[Prazo Fundido]]) -> 32 | N158: 46241 | P158: OK | Q158: OK | R158: =Tabela3[[#This Row],[Prazo Entrega]]-TODAY() -> 22 | S158: =IF(R158<0,"ATRASADO",IF(R158<=15,"ATENÇÃO","NO PRAZO")) -> NO PRAZO | T158: =WEEKNUM(Tabela3[[#This Row],[Prazo Entrega]]) -> 32 | U158: Bruto | V158: AG. FUNDIDO
A159: 2352 | B159: 3 | C159: 27635 | D159: 3 | E159: Simisa | H159: PENTE INF/SUP TIPO CONVENCIONAL - 2000 | I159: 1 | J159: 46241 | K159: =WEEKNUM(Tabela3[[#This Row],[Prazo Fundido]]) -> 32 | N159: 46241 | P159: OK | Q159: OK | R159: =Tabela3[[#This Row],[Prazo Entrega]]-TODAY() -> 22 | S159: =IF(R159<0,"ATRASADO",IF(R159<=15,"ATENÇÃO","NO PRAZO")) -> NO PRAZO | T159: =WEEKNUM(Tabela3[[#This Row],[Prazo Entrega]]) -> 32 | U159: Bruto | V159: AG. FUNDIDO
A160: 2352 | B160: 4 | C160: 27635 | D160: 4 | E160: Simisa | H160: PENTE INF/SUP TIPO CONVENCIONAL - 2000 | I160: 1 | J160: 46241 | K160: =WEEKNUM(Tabela3[[#This Row],[Prazo Fundido]]) -> 32 | N160: 46241 | P160: OK | Q160: OK | R160: =Tabela3[[#This Row],[Prazo Entrega]]-TODAY() -> 22 | S160: =IF(R160<0,"ATRASADO",IF(R160<=15,"ATENÇÃO","NO PRAZO")) -> NO PRAZO | T160: =WEEKNUM(Tabela3[[#This Row],[Prazo Entrega]]) -> 32 | U160: Bruto | V160: AG. FUNDIDO
A161: 2352 | B161: 5 | C161: 27635 | D161: 5 | E161: Simisa | H161: PENTE INF/SUP TIPO CONVENCIONAL - 2000 | I161: 1 | J161: 46241 | K161: =WEEKNUM(Tabela3[[#This Row],[Prazo Fundido]]) -> 32 | N161: 46241 | P161: OK | Q161: OK | R161: =Tabela3[[#This Row],[Prazo Entrega]]-TODAY() -> 22 | S161: =IF(R161<0,"ATRASADO",IF(R161<=15,"ATENÇÃO","NO PRAZO")) -> NO PRAZO | T161: =WEEKNUM(Tabela3[[#This Row],[Prazo Entrega]]) -> 32 | U161: Bruto | V161: AG. FUNDIDO
A162: 2352 | B162: 6 | C162: 27635 | D162: 6 | E162: Simisa | H162: PENTE INF/SUP TIPO CONVENCIONAL - 2000 | I162: 1 | J162: 46241 | K162: =WEEKNUM(Tabela3[[#This Row],[Prazo Fundido]]) -> 32 | N162: 46241 | P162: OK | Q162: OK | R162: =Tabela3[[#This Row],[Prazo Entrega]]-TODAY() -> 22 | S162: =IF(R162<0,"ATRASADO",IF(R162<=15,"ATENÇÃO","NO PRAZO")) -> NO PRAZO | T162: =WEEKNUM(Tabela3[[#This Row],[Prazo Entrega]]) -> 32 | U162: Bruto | V162: AG. FUNDIDO
A163: 2352 | B163: 7 | C163: 27635 | D163: 7 | E163: Simisa | H163: PENTE INF/SUP TIPO CONVENCIONAL - MDA 90" | I163: 1 | J163: 46241 | K163: =WEEKNUM(Tabela3[[#This Row],[Prazo Fundido]]) -> 32 | N163: 46241 | P163: OK | Q163: OK | R163: =Tabela3[[#This Row],[Prazo Entrega]]-TODAY() -> 22 | S163: =IF(R163<0,"ATRASADO",IF(R163<=15,"ATENÇÃO","NO PRAZO")) -> NO PRAZO | T163: =WEEKNUM(Tabela3[[#This Row],[Prazo Entrega]]) -> 32 | U163: Bruto | V163: AG. FUNDIDO
A164: 2335 | B164: 18 | C164: 27619 | D164: 13 | E164: São João Araras | F164: 1127018 | G164: 13 | H164: PENTE INFERIOR CONVENCIONAL FR 1" - 84" | I164: 1 | J164: 46219 | K164: =WEEKNUM(Tabela3[[#This Row],[Prazo Fundido]]) -> 29 | N164: 46248 | P164: AG | Q164: AG | R164: =Tabela3[[#This Row],[Prazo Entrega]]-TODAY() -> 29 | S164: =IF(R164<0,"ATRASADO",IF(R164<=15,"ATENÇÃO","NO PRAZO")) -> NO PRAZO | T164: =WEEKNUM(Tabela3[[#This Row],[Prazo Entrega]]) -> 33 | U164: c/ usinagem | V164: AG. FUNDIDO
A165: 2335 | B165: 19 | C165: 27619 | D165: 14 | E165: São João Araras | F165: 1127018 | G165: 14 | H165: PENTE INFERIOR CONVENCIONAL FR 1" - 84" | I165: 1 | J165: 46219 | K165: =WEEKNUM(Tabela3[[#This Row],[Prazo Fundido]]) -> 29 | N165: 46248 | P165: AG | Q165: AG | R165: =Tabela3[[#This Row],[Prazo Entrega]]-TODAY() -> 29 | S165: =IF(R165<0,"ATRASADO",IF(R165<=15,"ATENÇÃO","NO PRAZO")) -> NO PRAZO | T165: =WEEKNUM(Tabela3[[#This Row],[Prazo Entrega]]) -> 33 | U165: c/ usinagem | V165: AG. FUNDIDO
A166: 2335 | B166: 20 | C166: 27619 | D166: 15 | E166: São João Araras | F166: 1127018 | G166: 15 | H166: PENTE INFERIOR CONVENCIONAL FR 1" - 84" | I166: 1 | J166: 46219 | K166: =WEEKNUM(Tabela3[[#This Row],[Prazo Fundido]]) -> 29 | N166: 46248 | P166: AG | Q166: AG | R166: =Tabela3[[#This Row],[Prazo Entrega]]-TODAY() -> 29 | S166: =IF(R166<0,"ATRASADO",IF(R166<=15,"ATENÇÃO","NO PRAZO")) -> NO PRAZO | T166: =WEEKNUM(Tabela3[[#This Row],[Prazo Entrega]]) -> 33 | U166: c/ usinagem | V166: AG. FUNDIDO
A167: 2335 | B167: 21 | C167: 27619 | D167: 16 | E167: São João Araras | F167: 1127018 | G167: 16 | H167: PENTE INFERIOR CONVENCIONAL FR 1" - 84" | I167: 1 | J167: 46219 | K167: =WEEKNUM(Tabela3[[#This Row],[Prazo Fundido]]) -> 29 | N167: 46248 | P167: AG | Q167: AG | R167: =Tabela3[[#This Row],[Prazo Entrega]]-TODAY() -> 29 | S167: =IF(R167<0,"ATRASADO",IF(R167<=15,"ATENÇÃO","NO PRAZO")) -> NO PRAZO | T167: =WEEKNUM(Tabela3[[#This Row],[Prazo Entrega]]) -> 33 | U167: c/ usinagem | V167: AG. FUNDIDO

Sheet RODETES NOVOS
A1: PV | B1: Item | C1: OS | D1: Item2 | E1: Cliente | F1: Cod. | G1: Seq. | H1: Descrição | I1: Qtd. | J1: Data Prev. Fundido | K1: Data Real Fundido | L1: Data Prev. Entrega | M1: Data Real Entrega | N1: Falta Dias | O1: Indicador | P1: Condição | Q1: Desenho Previsão | R1: Des. | S1: Desb. | T1: T.T. | U1: Us. Final | V1: Fundo D. | W1: Acabam. | X1: Liberação | Y1: Status Usinagem | Z1: Observação
A2: 2233 | B2: 1 | C2: 27543 | D2: 1 | E2: Coprodria | F2: 250039 | G2: 1 | H2: RODETE MDA Z15 Ø1320MM 78" | I2: 1 | J2: 46209 | L2: 46269 | N2: =Tabela13[[#This Row],[Data Prev. Entrega]]-TODAY() -> 50 | O2: =IF(N2<0,"ATRASADO",IF(N2<=15,"ATENÇÃO","NO PRAZO")) -> NO PRAZO | P2: c/ usinagem | Q2: OK | R2: OK | S2: AG | T2: AG | U2: AG | V2: AG | W2: AG | X2: AG | Y2: =IF(K2="","AG. FUNDIDO",IF(X2="OK","LIBERADA","EM USINAGEM")) -> AG. FUNDIDO
A3: 2233 | B3: 2 | C3: 27543 | D3: 2 | E3: Coprodria | F3: 250040 | G3: 1 | H3: RODETE MDA Z15 Ø1280MM 78" | I3: 1 | J3: 46209 | L3: 46269 | N3: =Tabela13[[#This Row],[Data Prev. Entrega]]-TODAY() -> 50 | O3: =IF(N3<0,"ATRASADO",IF(N3<=15,"ATENÇÃO","NO PRAZO")) -> NO PRAZO | P3: c/ usinagem | Q3: OK | R3: OK | S3: AG | T3: AG | U3: AG | V3: AG | W3: AG | X3: AG | Y3: =IF(K3="","AG. FUNDIDO",IF(X3="OK","LIBERADA","EM USINAGEM")) -> AG. FUNDIDO
A4: 2284 | B4: 1 | C4: 27563 | D4: 1 | E4: Simisa | F4: 212076 | G4: 1 | H4: RODETE MDA Z15 (BRUTO) | I4: 1 | J4: 46239 | L4: 46239 | N4: =Tabela13[[#This Row],[Data Prev. Entrega]]-TODAY() -> 20 | O4: =IF(N4<0,"ATRASADO",IF(N4<=15,"ATENÇÃO","NO PRAZO")) -> NO PRAZO | P4: Bruto | Q4: - | R4: - | S4: - | T4: - | U4: - | V4: - | W4: - | X4: - | Y4: =IF(K4="","AG. FUNDIDO",IF(X4="OK","LIBERADA","EM USINAGEM")) -> AG. FUNDIDO
A5: 2284 | B5: 2 | C5: 27563 | D5: 2 | E5: Simisa | F5: 212076 | G5: 2 | H5: RODETE MDA Z15 (BRUTO) | I5: 1 | J5: 46239 | L5: 46239 | N5: =Tabela13[[#This Row],[Data Prev. Entrega]]-TODAY() -> 20 | O5: =IF(N5<0,"ATRASADO",IF(N5<=15,"ATENÇÃO","NO PRAZO")) -> NO PRAZO | P5: Bruto | Q5: - | R5: - | S5: - | T5: - | U5: - | V5: - | W5: - | X5: - | Y5: =IF(K5="","AG. FUNDIDO",IF(X5="OK","LIBERADA","EM USINAGEM")) -> AG. FUNDIDO
A6: 2284 | B6: 3 | C6: 27563 | D6: 3 | E6: Simisa | F6: 212076 | G6: 3 | H6: RODETE MDA Z15 (BRUTO) | I6: 1 | J6: 46239 | L6: 46239 | N6: =Tabela13[[#This Row],[Data Prev. Entrega]]-TODAY() -> 20 | O6: =IF(N6<0,"ATRASADO",IF(N6<=15,"ATENÇÃO","NO PRAZO")) -> NO PRAZO | P6: Bruto | Q6: - | R6: - | S6: - | T6: - | U6: - | V6: - | W6: - | X6: - | Y6: =IF(K6="","AG. FUNDIDO",IF(X6="OK","LIBERADA","EM USINAGEM")) -> AG. FUNDIDO
A7: 2284 | B7: 4 | C7: 27563 | D7: 4 | E7: Simisa | F7: 212077 | G7: 1 | H7: RODETE MDA Z15 (BRUTO) | I7: 1 | J7: 46295 | L7: 46295 | N7: =Tabela13[[#This Row],[Data Prev. Entrega]]-TODAY() -> 76 | O7: =IF(N7<0,"ATRASADO",IF(N7<=15,"ATENÇÃO","NO PRAZO")) -> NO PRAZO | P7: Bruto | Q7: - | R7: - | S7: - | T7: - | U7: - | V7: - | W7: - | X7: - | Y7: =IF(K7="","AG. FUNDIDO",IF(X7="OK","LIBERADA","EM USINAGEM")) -> AG. FUNDIDO
A8: 2284 | B8: 5 | C8: 27563 | D8: 5 | E8: Simisa | F8: 212078 | G8: 1 | H8: RODETE MDA Z15 (BRUTO) | I8: 1 | J8: 46239 | L8: 46239 | N8: =Tabela13[[#This Row],[Data Prev. Entrega]]-TODAY() -> 20 | O8: =IF(N8<0,"ATRASADO",IF(N8<=15,"ATENÇÃO","NO PRAZO")) -> NO PRAZO | P8: Bruto | Q8: - | R8: - | S8: - | T8: - | U8: - | V8: - | W8: - | X8: - | Y8: =IF(K8="","AG. FUNDIDO",IF(X8="OK","LIBERADA","EM USINAGEM")) -> AG. FUNDIDO
A9: 2284 | B9: 6 | C9: 27563 | D9: 6 | E9: Simisa | F9: 212079 | G9: 1 | H9: RODETE MDA Z15 (BRUTO) | I9: 1 | J9: 46266 | L9: 46266 | N9: =Tabela13[[#This Row],[Data Prev. Entrega]]-TODAY() -> 47 | O9: =IF(N9<0,"ATRASADO",IF(N9<=15,"ATENÇÃO","NO PRAZO")) -> NO PRAZO | P9: Bruto | Q9: - | R9: - | S9: - | T9: - | U9: - | V9: - | W9: - | X9: - | Y9: =IF(K9="","AG. FUNDIDO",IF(X9="OK","LIBERADA","EM USINAGEM")) -> AG. FUNDIDO
A10: 2284 | B10: 7 | C10: 27563 | D10: 7 | E10: Simisa | F10: 212078 | G10: 2 | H10: RODETE MDA Z15 (BRUTO) | I10: 1 | J10: 46266 | L10: 46266 | N10: =Tabela13[[#This Row],[Data Prev. Entrega]]-TODAY() -> 47 | O10: =IF(N10<0,"ATRASADO",IF(N10<=15,"ATENÇÃO","NO PRAZO")) -> NO PRAZO | P10: Bruto | Q10: - | R10: - | S10: - | T10: - | U10: - | V10: - | W10: - | X10: - | Y10: =IF(K10="","AG. FUNDIDO",IF(X10="OK","LIBERADA","EM USINAGEM")) -> AG. FUNDIDO
A11: 2284 | B11: 8 | C11: 27563 | D11: 8 | E11: Simisa | F11: 212080 | G11: 1 | H11: RODETE MDA Z15 (BRUTO) | I11: 1 | J11: 46266 | L11: 46266 | N11: =Tabela13[[#This Row],[Data Prev. Entrega]]-TODAY() -> 47 | O11: =IF(N11<0,"ATRASADO",IF(N11<=15,"ATENÇÃO","NO PRAZO")) -> NO PRAZO | P11: Bruto | Q11: - | R11: - | S11: - | T11: - | U11: - | V11: - | W11: - | X11: - | Y11: =IF(K11="","AG. FUNDIDO",IF(X11="OK","LIBERADA","EM USINAGEM")) -> AG. FUNDIDO
A12: 2284 | B12: 9 | C12: 27563 | D12: 9 | E12: Simisa | F12: 212080 | G12: 2 | H12: RODETE MDA Z15 (BRUTO) | I12: 1 | J12: 46266 | L12: 46266 | N12: =Tabela13[[#This Row],[Data Prev. Entrega]]-TODAY() -> 47 | O12: =IF(N12<0,"ATRASADO",IF(N12<=15,"ATENÇÃO","NO PRAZO")) -> NO PRAZO | P12: Bruto | Q12: - | R12: - | S12: - | T12: - | U12: - | V12: - | W12: - | X12: - | Y12: =IF(K12="","AG. FUNDIDO",IF(X12="OK","LIBERADA","EM USINAGEM")) -> AG. FUNDIDO
A13: 2284 | B13: 10 | C13: 27563 | D13: 10 | E13: Simisa | F13: 212080 | G13: 3 | H13: RODETE MDA Z15 (BRUTO) | I13: 1 | J13: 46266 | L13: 46266 | N13: =Tabela13[[#This Row],[Data Prev. Entrega]]-TODAY() -> 47 | O13: =IF(N13<0,"ATRASADO",IF(N13<=15,"ATENÇÃO","NO PRAZO")) -> NO PRAZO | P13: Bruto | Q13: - | R13: - | S13: - | T13: - | U13: - | V13: - | W13: - | X13: - | Y13: =IF(K13="","AG. FUNDIDO",IF(X13="OK","LIBERADA","EM USINAGEM")) -> AG. FUNDIDO
... A16: 2284 | B16: 13 | C16: 27563 | D16: 13 | E16: Simisa | F16: 212080 | G16: 6 | H16: RODETE MDA Z15 (BRUTO) | I16: 1 | J16: 46295 | L16: 46295 | N16: =Tabela13[[#This Row],[Data Prev. Entrega]]-TODAY() -> 76 | O16: =IF(N16<0,"ATRASADO",IF(N16<=15,"ATENÇÃO","NO PRAZO")) -> NO PRAZO | P16: Bruto | Q16: - | R16: - | S16: - | T16: - | U16: - | V16: - | W16: - | X16: - | Y16: =IF(K16="","AG. FUNDIDO",IF(X16="OK","LIBERADA","EM USINAGEM")) -> AG. FUNDIDO
A17: 2320 | B17: 1 | C17: 27607 | D17: 1 | E17: São João Araras | F17: 1127009 | G17: 1 | H17: RODETE PRESSÃO Z20 - 78" | I17: 1 | J17: 46249 | L17: 46280 | N17: =Tabela13[[#This Row],[Data Prev. Entrega]]-TODAY() -> 61 | O17: =IF(N17<0,"ATRASADO",IF(N17<=15,"ATENÇÃO","NO PRAZO")) -> NO PRAZO | P17: c/ usinagem | Q17: =Tabela13[[#This Row],[Data Prev. Fundido]]-10 -> 46239 | R17: AG | S17: AG | T17: AG | U17: AG | V17: AG | W17: AG | X17: AG | Y17: =IF(K17="","AG. FUNDIDO",IF(X17="OK","LIBERADA","EM USINAGEM")) -> AG. FUNDIDO
A18: 2320 | B18: 2 | C18: 27607 | D18: 2 | E18: São João Araras | F18: 1127003 | G18: 11 | H18: RODETE PRESSÃO Z15 - 84" | I18: 1 | J18: 46249 | L18: 46280 | N18: =Tabela13[[#This Row],[Data Prev. Entrega]]-TODAY() -> 61 | O18: =IF(N18<0,"ATRASADO",IF(N18<=15,"ATENÇÃO","NO PRAZO")) -> NO PRAZO | P18: c/ usinagem | Q18: =Tabela13[[#This Row],[Data Prev. Fundido]]-10 -> 46239 | R18: AG | S18: AG | T18: AG | U18: AG | V18: AG | W18: AG | X18: AG | Y18: =IF(K18="","AG. FUNDIDO",IF(X18="OK","LIBERADA","EM USINAGEM")) -> AG. FUNDIDO
A19: 2320 | B19: 3 | C19: 27607 | D19: 3 | E19: São João Araras | F19: 1127003 | G19: 12 | H19: RODETE MOENDA Z15 - 84" | I19: 1 | J19: 46249 | L19: 46280 | N19: =Tabela13[[#This Row],[Data Prev. Entrega]]-TODAY() -> 61 | O19: =IF(N19<0,"ATRASADO",IF(N19<=15,"ATENÇÃO","NO PRAZO")) -> NO PRAZO | P19: c/ usinagem | Q19: =Tabela13[[#This Row],[Data Prev. Fundido]]-10 -> 46239 | R19: AG | S19: AG | T19: AG | U19: AG | V19: AG | W19: AG | X19: AG | Y19: =IF(K19="","AG. FUNDIDO",IF(X19="OK","LIBERADA","EM USINAGEM")) -> AG. FUNDIDO
A20: 2320 | B20: 4 | C20: 27607 | D20: 4 | E20: São João Araras | F20: 1127003 | G20: 13 | H20: RODETE MOENDA Z15 - 84" | I20: 1 | J20: 46249 | L20: 46280 | N20: =Tabela13[[#This Row],[Data Prev. Entrega]]-TODAY() -> 61 | O20: =IF(N20<0,"ATRASADO",IF(N20<=15,"ATENÇÃO","NO PRAZO")) -> NO PRAZO | P20: c/ usinagem | Q20: =Tabela13[[#This Row],[Data Prev. Fundido]]-10 -> 46239 | R20: AG | S20: AG | T20: AG | U20: AG | V20: AG | W20: AG | X20: AG | Y20: =IF(K20="","AG. FUNDIDO",IF(X20="OK","LIBERADA","EM USINAGEM")) -> AG. FUNDIDO
A21: 2320 | B21: 5 | C21: 27607 | D21: 5 | E21: São João Araras | F21: 1127005 | G21: 12 | H21: RODETE MOENDA Z15 - 84" | I21: 1 | J21: 46249 | L21: 46280 | N21: =Tabela13[[#This Row],[Data Prev. Entrega]]-TODAY() -> 61 | O21: =IF(N21<0,"ATRASADO",IF(N21<=15,"ATENÇÃO","NO PRAZO")) -> NO PRAZO | P21: c/ usinagem | Q21: =Tabela13[[#This Row],[Data Prev. Fundido]]-10 -> 46239 | R21: AG | S21: AG | T21: AG | U21: AG | V21: AG | W21: AG | X21: AG | Y21: =IF(K21="","AG. FUNDIDO",IF(X21="OK","LIBERADA","EM USINAGEM")) -> AG. FUNDIDO
A22: 2320 | B22: 6 | C22: 27607 | D22: 6 | E22: São João Araras | F22: 1127005 | G22: 13 | H22: RODETE MOENDA Z15 - 84" | I22: 1 | J22: 46249 | L22: 46280 | N22: =Tabela13[[#This Row],[Data Prev. Entrega]]-TODAY() -> 61 | O22: =IF(N22<0,"ATRASADO",IF(N22<=15,"ATENÇÃO","NO PRAZO")) -> NO PRAZO | P22: c/ usinagem | Q22: =Tabela13[[#This Row],[Data Prev. Fundido]]-10 -> 46239 | R22: AG | S22: AG | T22: AG | U22: AG | V22: AG | W22: AG | X22: AG | Y22: =IF(K22="","AG. FUNDIDO",IF(X22="OK","LIBERADA","EM USINAGEM")) -> AG. FUNDIDO
A23: 2320 | B23: 7 | C23: 27607 | D23: 7 | E23: São João Araras | F23: 1127005 | G23: 14 | H23: RODETE MOENDA Z15 - 84" | I23: 1 | J23: 46249 | L23: 46280 | N23: =Tabela13[[#This Row],[Data Prev. Entrega]]-TODAY() -> 61 | O23: =IF(N23<0,"ATRASADO",IF(N23<=15,"ATENÇÃO","NO PRAZO")) -> NO PRAZO | P23: c/ usinagem | Q23: =Tabela13[[#This Row],[Data Prev. Fundido]]-10 -> 46239 | R23: AG | S23: AG | T23: AG | U23: AG | V23: AG | W23: AG | X23: AG | Y23: =IF(K23="","AG. FUNDIDO",IF(X23="OK","LIBERADA","EM USINAGEM")) -> AG. FUNDIDO
A24: 2320 | B24: 8 | C24: 27607 | D24: 8 | E24: São João Araras | F24: 1127016 | G24: 1 | H24: RODETE PRESSÃO Z20 - 84" | I24: 1 | J24: 46249 | L24: 46280 | N24: =Tabela13[[#This Row],[Data Prev. Entrega]]-TODAY() -> 61 | O24: =IF(N24<0,"ATRASADO",IF(N24<=15,"ATENÇÃO","NO PRAZO")) -> NO PRAZO | P24: c/ usinagem | Q24: =Tabela13[[#This Row],[Data Prev. Fundido]]-10 -> 46239 | R24: AG | S24: AG | T24: AG | U24: AG | V24: AG | W24: AG | X24: AG | Y24: =IF(K24="","AG. FUNDIDO",IF(X24="OK","LIBERADA","EM USINAGEM")) -> AG. FUNDIDO
A25: 2320 | B25: 9 | C25: 27607 | D25: 9 | E25: São João Araras | F25: 1127017 | G25: 1 | H25: RODETE PRESSÃO Z15 - 84" | I25: 1 | J25: 46249 | L25: 46280 | N25: =Tabela13[[#This Row],[Data Prev. Entrega]]-TODAY() -> 61 | O25: =IF(N25<0,"ATRASADO",IF(N25<=15,"ATENÇÃO","NO PRAZO")) -> NO PRAZO | P25: c/ usinagem | Q25: =Tabela13[[#This Row],[Data Prev. Fundido]]-10 -> 46239 | R25: AG | S25: AG | T25: AG | U25: AG | V25: AG | W25: AG | X25: AG | Y25: =IF(K25="","AG. FUNDIDO",IF(X25="OK","LIBERADA","EM USINAGEM")) -> AG. FUNDIDO
A26: 1027 | B26: 7 | C26: 27605 | D26: 7 | E26: Água Bonita | F26: 464100 | G26: - | H26: RODETE MOENDA Z15 - 1700 | I26: 1 | J26: 46315 | L26: 46374 | N26: =Tabela13[[#This Row],[Data Prev. Entrega]]-TODAY() -> 155 | O26: =IF(N26<0,"ATRASADO",IF(N26<=15,"ATENÇÃO","NO PRAZO")) -> NO PRAZO | P26: c/ usinagem | Q26: OK | R26: OK | S26: AG | T26: AG | U26: AG | V26: AG | W26: AG | X26: AG | Y26: =IF(K26="","AG. FUNDIDO",IF(X26="OK","LIBERADA","EM USINAGEM")) -> AG. FUNDIDO
A27: 1027 | B27: 8 | C27: 27605 | D27: 8 | E27: Água Bonita | F27: 464100 | G27: - | H27: RODETE MOENDA Z15 - 1700 | I27: 1 | J27: 46315 | L27: 46374 | N27: =Tabela13[[#This Row],[Data Prev. Entrega]]-TODAY() -> 155 | O27: =IF(N27<0,"ATRASADO",IF(N27<=15,"ATENÇÃO","NO PRAZO")) -> NO PRAZO | P27: c/ usinagem | Q27: OK | R27: OK | S27: AG | T27: AG | U27: AG | V27: AG | W27: AG | X27: AG | Y27: =IF(K27="","AG. FUNDIDO",IF(X27="OK","LIBERADA","EM USINAGEM")) -> AG. FUNDIDO
A28: 1027 | B28: 9 | C28: 27605 | D28: 9 | E28: Água Bonita | F28: 464100 | G28: - | H28: RODETE MOENDA Z15 - 1700 | I28: 1 | J28: 46315 | L28: 46374 | N28: =Tabela13[[#This Row],[Data Prev. Entrega]]-TODAY() -> 155 | O28: =IF(N28<0,"ATRASADO",IF(N28<=15,"ATENÇÃO","NO PRAZO")) -> NO PRAZO | P28: c/ usinagem | Q28: OK | R28: OK | S28: AG | T28: AG | U28: AG | V28: AG | W28: AG | X28: AG | Y28: =IF(K28="","AG. FUNDIDO",IF(X28="OK","LIBERADA","EM USINAGEM")) -> AG. FUNDIDO
A29: 2329 | B29: 1 | C29: 27610 | D29: 1 | E29: São Domingos | F29: 187095 | H29: RODETE MOENDA Z15 - 78" | I29: 1 | J29: 46256 | L29: 46286 | N29: =Tabela13[[#This Row],[Data Prev. Entrega]]-TODAY() -> 67 | O29: =IF(N29<0,"ATRASADO",IF(N29<=15,"ATENÇÃO","NO PRAZO")) -> NO PRAZO | P29: c/ usinagem | Q29: =Tabela13[[#This Row],[Data Prev. Fundido]]-10 -> 46246 | R29: OK | S29: AG | T29: AG | U29: AG | V29: AG | W29: AG | X29: AG | Y29: =IF(K29="","AG. FUNDIDO",IF(X29="OK","LIBERADA","EM USINAGEM")) -> AG. FUNDIDO
A30: 2329 | B30: 2 | C30: 27610 | D30: 2 | E30: São Domingos | F30: 187095 | H30: RODETE MOENDA Z15 - 78" | I30: 1 | J30: 46256 | L30: 46286 | N30: =Tabela13[[#This Row],[Data Prev. Entrega]]-TODAY() -> 67 | O30: =IF(N30<0,"ATRASADO",IF(N30<=15,"ATENÇÃO","NO PRAZO")) -> NO PRAZO | P30: c/ usinagem | Q30: =Tabela13[[#This Row],[Data Prev. Fundido]]-10 -> 46246 | R30: OK | S30: AG | T30: AG | U30: AG | V30: AG | W30: AG | X30: AG | Y30: =IF(K30="","AG. FUNDIDO",IF(X30="OK","LIBERADA","EM USINAGEM")) -> AG. FUNDIDO
A31: 2329 | B31: 3 | C31: 27610 | D31: 3 | E31: São Domingos | F31: 187095 | H31: RODETE MOENDA Z15 - 78" | I31: 1 | J31: 46256 | L31: 46286 | N31: =Tabela13[[#This Row],[Data Prev. Entrega]]-TODAY() -> 67 | O31: =IF(N31<0,"ATRASADO",IF(N31<=15,"ATENÇÃO","NO PRAZO")) -> NO PRAZO | P31: c/ usinagem | Q31: =Tabela13[[#This Row],[Data Prev. Fundido]]-10 -> 46246 | R31: OK | S31: AG | T31: AG | U31: AG | V31: AG | W31: AG | X31: AG | Y31: =IF(K31="","AG. FUNDIDO",IF(X31="OK","LIBERADA","EM USINAGEM")) -> AG. FUNDIDO
A32: 2331 | B32: 8 | C32: 27611 | D32: 8 | E32: Lins Agroindustrial | F32: - | G32: - | H32: RODETE MOENDA Z15 - 78" | I32: 1 | J32: 46315 | L32: 46374 | N32: =Tabela13[[#This Row],[Data Prev. Entrega]]-TODAY() -> 155 | O32: =IF(N32<0,"ATRASADO",IF(N32<=15,"ATENÇÃO","NO PRAZO")) -> NO PRAZO | P32: c/ usinagem | Q32: =Tabela13[[#This Row],[Data Prev. Fundido]]-10 -> 46305 | R32: AG | S32: AG | T32: AG | U32: AG | V32: AG | W32: AG | X32: AG | Y32: =IF(K32="","AG. FUNDIDO",IF(X32="OK","LIBERADA","EM USINAGEM")) -> AG. FUNDIDO
A33: 2331 | B33: 9 | C33: 27611 | D33: 9 | E33: Lins Agroindustrial | F33: - | G33: - | H33: RODETE MOENDA Z15 - 78" | I33: 1 | J33: 46315 | L33: 46374 | N33: =Tabela13[[#This Row],[Data Prev. Entrega]]-TODAY() -> 155 | O33: =IF(N33<0,"ATRASADO",IF(N33<=15,"ATENÇÃO","NO PRAZO")) -> NO PRAZO | P33: c/ usinagem | Q33: =Tabela13[[#This Row],[Data Prev. Fundido]]-10 -> 46305 | R33: AG | S33: AG | T33: AG | U33: AG | V33: AG | W33: AG | X33: AG | Y33: =IF(K33="","AG. FUNDIDO",IF(X33="OK","LIBERADA","EM USINAGEM")) -> AG. FUNDIDO
A34: 2331 | B34: 10 | C34: 27611 | D34: 10 | E34: Lins Agroindustrial | F34: - | G34: - | H34: RODETE PRESSÃO Z15 - 78" | I34: 1 | J34: 46315 | L34: 46374 | N34: =Tabela13[[#This Row],[Data Prev. Entrega]]-TODAY() -> 155 | O34: =IF(N34<0,"ATRASADO",IF(N34<=15,"ATENÇÃO","NO PRAZO")) -> NO PRAZO | P34: c/ usinagem | Q34: =Tabela13[[#This Row],[Data Prev. Fundido]]-10 -> 46305 | R34: AG | S34: AG | T34: AG | U34: AG | V34: AG | W34: AG | X34: AG | Y34: =IF(K34="","AG. FUNDIDO",IF(X34="OK","LIBERADA","EM USINAGEM")) -> AG. FUNDIDO
A35: 2331 | B35: 11 | C35: 27611 | D35: 11 | E35: Lins Agroindustrial | F35: - | G35: - | H35: RODETE PRESSÃO Z15 - 78" | I35: 1 | J35: 46315 | L35: 46374 | N35: =Tabela13[[#This Row],[Data Prev. Entrega]]-TODAY() -> 155 | O35: =IF(N35<0,"ATRASADO",IF(N35<=15,"ATENÇÃO","NO PRAZO")) -> NO PRAZO | P35: c/ usinagem | Q35: =Tabela13[[#This Row],[Data Prev. Fundido]]-10 -> 46305 | R35: AG | S35: AG | T35: AG | U35: AG | V35: AG | W35: AG | X35: AG | Y35: =IF(K35="","AG. FUNDIDO",IF(X35="OK","LIBERADA","EM USINAGEM")) -> AG. FUNDIDO
A36: 2337 | B36: 1 | C36: 27620 | D36: 1 | E36: Colorado | F36: - | G36: - | H36: RODETE MOENDA Z15 - 66" | I36: 1 | J36: 46265 | L36: 46295 | N36: =Tabela13[[#This Row],[Data Prev. Entrega]]-TODAY() -> 76 | O36: =IF(N36<0,"ATRASADO",IF(N36<=15,"ATENÇÃO","NO PRAZO")) -> NO PRAZO | P36: c/ usinagem | Q36: 46223 | R36: AG | S36: AG | T36: AG | U36: AG | V36: AG | W36: AG | X36: AG | Y36: =IF(K36="","AG. FUNDIDO",IF(X36="OK","LIBERADA","EM USINAGEM")) -> AG. FUNDIDO
A37: 2337 | B37: 2 | C37: 27620 | D37: 2 | E37: Colorado | F37: - | G37: - | H37: RODETE MOENDA Z15 - 90" | I37: 1 | J37: 46265 | L37: 46295 | N37: =Tabela13[[#This Row],[Data Prev. Entrega]]-TODAY() -> 76 | O37: =IF(N37<0,"ATRASADO",IF(N37<=15,"ATENÇÃO","NO PRAZO")) -> NO PRAZO | P37: c/ usinagem | Q37: 46223 | R37: AG | S37: AG | T37: AG | U37: AG | V37: AG | W37: AG | X37: AG | Y37: =IF(K37="","AG. FUNDIDO",IF(X37="OK","LIBERADA","EM USINAGEM")) -> AG. FUNDIDO
A38: 2337 | B38: 3 | C38: 27620 | D38: 3 | E38: Colorado | F38: - | G38: - | H38: RODETE MOENDA Z15 - 78" | I38: 1 | J38: 46265 | L38: 46295 | N38: =Tabela13[[#This Row],[Data Prev. Entrega]]-TODAY() -> 76 | O38: =IF(N38<0,"ATRASADO",IF(N38<=15,"ATENÇÃO","NO PRAZO")) -> NO PRAZO | P38: c/ usinagem | Q38: 46223 | R38: AG | S38: AG | T38: AG | U38: AG | V38: AG | W38: AG | X38: AG | Y38: =IF(K38="","AG. FUNDIDO",IF(X38="OK","LIBERADA","EM USINAGEM")) -> AG. FUNDIDO
A39: 2337 | B39: 4 | C39: 27620 | D39: 4 | E39: Colorado | F39: - | G39: - | H39: RODETE MOENDA Z15 - 78" | I39: 1 | J39: 46265 | L39: 46295 | N39: =Tabela13[[#This Row],[Data Prev. Entrega]]-TODAY() -> 76 | O39: =IF(N39<0,"ATRASADO",IF(N39<=15,"ATENÇÃO","NO PRAZO")) -> NO PRAZO | P39: c/ usinagem | Q39: 46223 | R39: AG | S39: AG | T39: AG | U39: AG | V39: AG | W39: AG | X39: AG | Y39: =IF(K39="","AG. FUNDIDO",IF(X39="OK","LIBERADA","EM USINAGEM")) -> AG. FUNDIDO

Sheet PERIFÉRICOS
A1: PV | B1: item | C1: OS | D1: Item2 | E1: Cliente | F1: Qtd. | G1: Peça | H1: Seq. | I1: Descrição | J1: Prazo Fundido | K1: Pz Fundido Real | L1: Prazo Entrega | M1: Pz Entrega Real | N1: Falta Dias | O1: Indicador | P1: Condição | Q1: Desenho Previsão | R1: Des. | S1: Status | T1: Observação
A2: 2246 | B2: 1 | C2: 27544 | D2: 1 | E2: Coopcana | F2: 1 | G2: 434129 | H2: 1 | I2: Caixa Mancal Inferior 54" | J2: 46230 | K2: 46217 | L2: 46254 | N2: =Tabela4[[#This Row],[Prazo Entrega]]-TODAY() -> 35 | O2: =IF(N2<0,"ATRASADO",IF(N2<=15,"ATENÇÃO","NO PRAZO")) -> NO PRAZO | P2: c/ usinagem | Q2: 46199 | R2: OK | S2: EM USINAGEM | T2: FUNDIDO ATRASOU - ERA 01/07/26
A3: 2246 | B3: 2 | C3: 27544 | D3: 2 | E3: Coopcana | F3: 1 | G3: 434129 | H3: 2 | I3: Caixa Mancal Inferior 54" | J3: 46230 | K3: 46217 | L3: 46254 | N3: =Tabela4[[#This Row],[Prazo Entrega]]-TODAY() -> 35 | O3: =IF(N3<0,"ATRASADO",IF(N3<=15,"ATENÇÃO","NO PRAZO")) -> NO PRAZO | P3: c/ usinagem | Q3: 46199 | R3: OK | S3: EM USINAGEM | T3: FUNDIDO ATRASOU - ERA 01/07/26
A4: 2246 | B4: 3 | C4: 27544 | D4: 3 | E4: Coopcana | F4: 1 | G4: 434129 | H4: 3 | I4: Caixa Mancal Inferior 54" | J4: 46230 | K4: 46217 | L4: 46254 | N4: =Tabela4[[#This Row],[Prazo Entrega]]-TODAY() -> 35 | O4: =IF(N4<0,"ATRASADO",IF(N4<=15,"ATENÇÃO","NO PRAZO")) -> NO PRAZO | P4: c/ usinagem | Q4: 46199 | R4: OK | S4: EM USINAGEM | T4: FUNDIDO ATRASOU - ERA 01/07/26
A5: 2246 | B5: 4 | C5: 27544 | D5: 4 | E5: Coopcana | F5: 1 | G5: 434129 | H5: 4 | I5: Caixa Mancal Inferior 54" | J5: 46230 | K5: 46217 | L5: 46254 | N5: =Tabela4[[#This Row],[Prazo Entrega]]-TODAY() -> 35 | O5: =IF(N5<0,"ATRASADO",IF(N5<=15,"ATENÇÃO","NO PRAZO")) -> NO PRAZO | P5: c/ usinagem | Q5: 46199 | R5: OK | S5: EM USINAGEM | T5: FUNDIDO ATRASOU - ERA 01/07/26
A6: 2246 | B6: 5 | C6: 27544 | D6: 5 | E6: Coopcana | F6: 1 | G6: 434130 | H6: 1 | I6: Caixa Mancal Inferior 54" | J6: 46230 | K6: 46217 | L6: 46254 | N6: =Tabela4[[#This Row],[Prazo Entrega]]-TODAY() -> 35 | O6: =IF(N6<0,"ATRASADO",IF(N6<=15,"ATENÇÃO","NO PRAZO")) -> NO PRAZO | P6: c/ usinagem | Q6: 46199 | R6: OK | S6: EM USINAGEM | T6: FUNDIDO ATRASOU - ERA 01/07/26
A7: 2246 | B7: 6 | C7: 27544 | D7: 6 | E7: Coopcana | F7: 1 | G7: 434130 | H7: 2 | I7: Caixa Mancal Inferior 54" | J7: 46230 | K7: 46217 | L7: 46254 | N7: =Tabela4[[#This Row],[Prazo Entrega]]-TODAY() -> 35 | O7: =IF(N7<0,"ATRASADO",IF(N7<=15,"ATENÇÃO","NO PRAZO")) -> NO PRAZO | P7: c/ usinagem | Q7: 46199 | R7: OK | S7: EM USINAGEM | T7: FUNDIDO ATRASOU - ERA 01/07/26
A8: 2246 | B8: 7 | C8: 27544 | D8: 7 | E8: Coopcana | F8: 1 | G8: 434130 | H8: 3 | I8: Caixa Mancal Inferior 54" | J8: 46230 | K8: 46217 | L8: 46254 | N8: =Tabela4[[#This Row],[Prazo Entrega]]-TODAY() -> 35 | O8: =IF(N8<0,"ATRASADO",IF(N8<=15,"ATENÇÃO","NO PRAZO")) -> NO PRAZO | P8: c/ usinagem | Q8: 46199 | R8: OK | S8: EM USINAGEM | T8: FUNDIDO ATRASOU - ERA 01/07/26
A9: 2246 | B9: 8 | C9: 27544 | D9: 8 | E9: Coopcana | F9: 1 | G9: 434130 | H9: 4 | I9: Caixa Mancal Inferior 54" | J9: 46230 | K9: 46217 | L9: 46254 | N9: =Tabela4[[#This Row],[Prazo Entrega]]-TODAY() -> 35 | O9: =IF(N9<0,"ATRASADO",IF(N9<=15,"ATENÇÃO","NO PRAZO")) -> NO PRAZO | P9: c/ usinagem | Q9: 46199 | R9: OK | S9: EM USINAGEM | T9: FUNDIDO ATRASOU - ERA 01/07/26
A10: 2186 | B10: 1 | C10: - | D10: - | E10: Zilor Quatá | F10: 1 | G10: - | H10: - | I10: Eixo Esteira Arraste | J10: - | K10: - | L10: 46178 | M10: 46178 | N10: =Tabela4[[#This Row],[Prazo Entrega]]-TODAY() -> -41 | O10: NO PRAZO | P10: c/ usinagem | Q10: OK | R10: OK | S10: EXPEDIDO
A11: 1027 | B11: 1 | C11: - | D11: - | E11: Água Bonita | F11: 2 | G11: - | H11: - | I11: Flange Camisa Perfurada 1º T | J11: - | K11: - | L11: 46376 | N11: =Tabela4[[#This Row],[Prazo Entrega]]-TODAY() -> 157 | O11: =IF(N11<0,"ATRASADO",IF(N11<=15,"ATENÇÃO","NO PRAZO")) -> NO PRAZO | P11: c/ usinagem | Q11: OK | R11: OK | S11: AG. MP | T11: SOL. CHAPA 65105 - PRZ 20/07
A12: 1027 | B12: 4 | C12: - | D12: - | E12: Água Bonita | F12: 2 | G12: - | H12: - | I12: Flange Camisa Perfurada 2º T | J12: - | K12: - | L12: 46376 | N12: =Tabela4[[#This Row],[Prazo Entrega]]-TODAY() -> 157 | O12: =IF(N12<0,"ATRASADO",IF(N12<=15,"ATENÇÃO","NO PRAZO")) -> NO PRAZO | P12: c/ usinagem | Q12: OK | R12: OK | S12: AG. MP | T12: SOL. CHAPA 65106 - PRZ 20/07
A13: 1027 | B13: 7 | C13: - | D13: - | E13: Água Bonita | F13: 2 | G13: - | H13: - | I13: Flange Camisa Perfurada 3º T | J13: - | K13: - | L13: 46376 | N13: =Tabela4[[#This Row],[Prazo Entrega]]-TODAY() -> 157 | O13: =IF(N13<0,"ATRASADO",IF(N13<=15,"ATENÇÃO","NO PRAZO")) -> NO PRAZO | P13: c/ usinagem | Q13: OK | R13: OK | S13: AG. MP | T13: SOL. CHAPA 65107 - PRZ 20/07
A14: 1027 | B14: 7 | C14: - | D14: - | E14: Água Bonita | F14: 2 | G14: - | H14: - | I14: Chaveta 70 X 430mm | J14: - | K14: - | L14: 46376 | N14: =Tabela4[[#This Row],[Prazo Entrega]]-TODAY() -> 157 | O14: =IF(N14<0,"ATRASADO",IF(N14<=15,"ATENÇÃO","NO PRAZO")) -> NO PRAZO | P14: c/ usinagem | Q14: OK | R14: OK | S14: ANDAMENTO | T14: SOLICITAÇÃO 65063 - PRZ 30/08
A15: 1027 | B15: 8 | C15: - | D15: - | E15: Água Bonita | F15: 2 | G15: - | H15: - | I15: Chaveta 70 X 430mm | J15: - | K15: - | L15: 46376 | N15: =Tabela4[[#This Row],[Prazo Entrega]]-TODAY() -> 157 | O15: =IF(N15<0,"ATRASADO",IF(N15<=15,"ATENÇÃO","NO PRAZO")) -> NO PRAZO | P15: c/ usinagem | Q15: OK | R15: OK | S15: ANDAMENTO | T15: SOLICITAÇÃO 65063 - PRZ 30/08
A16: 1027 | B16: 9 | C16: - | D16: - | E16: Água Bonita | F16: 2 | G16: - | H16: - | I16: Chaveta 70 X 430mm | J16: - | K16: - | L16: 46376 | N16: =Tabela4[[#This Row],[Prazo Entrega]]-TODAY() -> 157 | O16: =IF(N16<0,"ATRASADO",IF(N16<=15,"ATENÇÃO","NO PRAZO")) -> NO PRAZO | P16: c/ usinagem | Q16: OK | R16: OK | S16: ANDAMENTO | T16: SOLICITAÇÃO 65063 - PRZ 30/08
A17: 1031 | B17: 1 | C17: 27609 | D17: 1 | E17: Água Bonita | F17: 1 | G17: - | H17: - | I17: Caixa Mancal Inf 1700 (S/ INOX) | J17: 46251 | L17: 46281 | N17: =Tabela4[[#This Row],[Prazo Entrega]]-TODAY() -> 62 | O17: =IF(N17<0,"ATRASADO",IF(N17<=15,"ATENÇÃO","NO PRAZO")) -> NO PRAZO | P17: c/ usinagem | Q17: 46241 | R17: AG. | S17: AG. FUNDIDO
A18: 1031 | B18: 2 | C18: 27609 | D18: 2 | E18: Água Bonita | F18: 1 | G18: - | H18: - | I18: Caixa Mancal Inf 1700 (S/ INOX) | J18: 46251 | L18: 46281 | N18: =Tabela4[[#This Row],[Prazo Entrega]]-TODAY() -> 62 | O18: =IF(N18<0,"ATRASADO",IF(N18<=15,"ATENÇÃO","NO PRAZO")) -> NO PRAZO | P18: c/ usinagem | Q18: 46241 | R18: AG. | S18: AG. FUNDIDO
A19: 2331 | B19: 22 | C19: - | D19: - | E19: Lins Agroindustrial | F19: 1 | G19: - | H19: - | I19: Flange Sup. Alta Drenagem | J19: - | K19: - | L19: 46376 | N19: =Tabela4[[#This Row],[Prazo Entrega]]-TODAY() -> 157 | O19: =IF(N19<0,"ATRASADO",IF(N19<=15,"ATENÇÃO","NO PRAZO")) -> NO PRAZO | P19: c/ usinagem | Q19: 46203 | R19: AG. | S19: AG. DES. ENG.
A20: 2331 | B20: 23 | C20: - | D20: - | E20: Lins Agroindustrial | F20: 1 | G20: - | H20: - | I20: Flange Sup. Alta Drenagem | J20: - | K20: - | L20: 46376 | N20: =Tabela4[[#This Row],[Prazo Entrega]]-TODAY() -> 157 | O20: =IF(N20<0,"ATRASADO",IF(N20<=15,"ATENÇÃO","NO PRAZO")) -> NO PRAZO | P20: c/ usinagem | Q20: 46203 | R20: AG. | S20: AG. DES. ENG.
A21: 2331 | B21: 24 | C21: - | D21: - | E21: Lins Agroindustrial | F21: 1 | G21: - | H21: - | I21: Calha Rolo Inferior - 78" | J21: - | K21: - | L21: 46376 | N21: =Tabela4[[#This Row],[Prazo Entrega]]-TODAY() -> 157 | O21: =IF(N21<0,"ATRASADO",IF(N21<=15,"ATENÇÃO","NO PRAZO")) -> NO PRAZO | P21: c/ usinagem | Q21: 46203 | R21: AG. | S21: AG. DES. ENG.
A22: 2331 | B22: 25 | C22: - | D22: - | E22: Lins Agroindustrial | F22: 1 | G22: - | H22: - | I22: Calha Rolo Inferior - 78" | J22: - | K22: - | L22: 46376 | N22: =Tabela4[[#This Row],[Prazo Entrega]]-TODAY() -> 157 | O22: =IF(N22<0,"ATRASADO",IF(N22<=15,"ATENÇÃO","NO PRAZO")) -> NO PRAZO | P22: c/ usinagem | Q22: 46203 | R22: AG. | S22: AG. DES. ENG.
A23: 2331 | B23: 26 | C23: - | D23: - | E23: Lins Agroindustrial | F23: 1 | G23: - | H23: - | I23: Calha Rolo Inferior - 78" | J23: - | K23: - | L23: 46376 | N23: =Tabela4[[#This Row],[Prazo Entrega]]-TODAY() -> 157 | O23: =IF(N23<0,"ATRASADO",IF(N23<=15,"ATENÇÃO","NO PRAZO")) -> NO PRAZO | P23: c/ usinagem | Q23: 46203 | R23: AG. | S23: AG. DES. ENG.
A24: 2331 | B24: 27 | C24: - | D24: - | E24: Lins Agroindustrial | F24: 1 | G24: - | H24: - | I24: Calha Rolo Inferior - 78" | J24: - | K24: - | L24: 46376 | N24: =Tabela4[[#This Row],[Prazo Entrega]]-TODAY() -> 157 | O24: =IF(N24<0,"ATRASADO",IF(N24<=15,"ATENÇÃO","NO PRAZO")) -> NO PRAZO | P24: c/ usinagem | Q24: 46203 | R24: AG. | S24: AG. DES. ENG.
A25: 2331 | B25: 28 | C25: - | D25: - | E25: Lins Agroindustrial | F25: 1 | G25: - | H25: - | I25: Calha Rolo Inferior - 78" | J25: - | K25: - | L25: 46376 | N25: =Tabela4[[#This Row],[Prazo Entrega]]-TODAY() -> 157 | O25: =IF(N25<0,"ATRASADO",IF(N25<=15,"ATENÇÃO","NO PRAZO")) -> NO PRAZO | P25: c/ usinagem | Q25: 46203 | R25: AG. | S25: AG. DES. ENG.
A26: 2331 | B26: 29 | C26: - | D26: - | E26: Lins Agroindustrial | F26: 1 | G26: - | H26: - | I26: Calha Rolo Inferior - 78" | J26: - | K26: - | L26: 46376 | N26: =Tabela4[[#This Row],[Prazo Entrega]]-TODAY() -> 157 | O26: =IF(N26<0,"ATRASADO",IF(N26<=15,"ATENÇÃO","NO PRAZO")) -> NO PRAZO | P26: c/ usinagem | Q26: 46203 | R26: AG. | S26: AG. DES. ENG.
A27: 2331 | B27: 30 | C27: - | D27: - | E27: Lins Agroindustrial | F27: 1 | G27: - | H27: - | I27: Calha Rolo Inferior - 54" | J27: - | K27: - | L27: 46376 | N27: =Tabela4[[#This Row],[Prazo Entrega]]-TODAY() -> 157 | O27: =IF(N27<0,"ATRASADO",IF(N27<=15,"ATENÇÃO","NO PRAZO")) -> NO PRAZO | P27: c/ usinagem | Q27: 46203 | R27: AG. | S27: AG. DES. ENG.
A28: 2331 | B28: 31 | C28: - | D28: - | E28: Lins Agroindustrial | F28: 1 | G28: - | H28: - | I28: Calha Rolo Inferior - 54" | J28: - | K28: - | L28: 46376 | N28: =Tabela4[[#This Row],[Prazo Entrega]]-TODAY() -> 157 | O28: =IF(N28<0,"ATRASADO",IF(N28<=15,"ATENÇÃO","NO PRAZO")) -> NO PRAZO | P28: c/ usinagem | Q28: 46203 | R28: AG. | S28: AG. DES. ENG.
A29: 2331 | B29: 32 | C29: - | D29: - | E29: Lins Agroindustrial | F29: 1 | G29: - | H29: - | I29: Calha Rolo Inferior - 54" | J29: - | K29: - | L29: 46376 | N29: =Tabela4[[#This Row],[Prazo Entrega]]-TODAY() -> 157 | O29: =IF(N29<0,"ATRASADO",IF(N29<=15,"ATENÇÃO","NO PRAZO")) -> NO PRAZO | P29: c/ usinagem | Q29: 46203 | R29: AG. | S29: AG. DES. ENG.
A30: 2331 | B30: 33 | C30: - | D30: - | E30: Lins Agroindustrial | F30: 1 | G30: - | H30: - | I30: Calha Rolo Inferior - 54" | J30: - | K30: - | L30: 46376 | N30: =Tabela4[[#This Row],[Prazo Entrega]]-TODAY() -> 157 | O30: =IF(N30<0,"ATRASADO",IF(N30<=15,"ATENÇÃO","NO PRAZO")) -> NO PRAZO | P30: c/ usinagem | Q30: 46203 | R30: AG. | S30: AG. DES. ENG.
... A52: 2331 | B52: 55 | C52: - | D52: - | E52: Lins Agroindustrial | F52: 1 | G52: - | H52: - | I52: Capa Mancal Inferior - 54" | J52: - | K52: - | L52: 46376 | N52: =Tabela4[[#This Row],[Prazo Entrega]]-TODAY() -> 157 | O52: =IF(N52<0,"ATRASADO",IF(N52<=15,"ATENÇÃO","NO PRAZO")) -> NO PRAZO | P52: c/ usinagem | Q52: 46203 | R52: AG. | S52: AG. DES. ENG.
A53: 1798 | B53: 9 | C53: 27142 | D53: 4 | E53: Santa Terezinha Terra Rica | F53: 1 | G53: 1343033 | H53: 1 | I53: Suporte da Bagaceira - 78" | J53: 46142 | K53: 46128 | L53: 46203 | M53: 46197 | N53: =Tabela4[[#This Row],[Prazo Entrega]]-TODAY() -> -16 | O53: PRONTO | P53: c/ usinagem | Q53: OK | R53: OK | S53: AG. COLETAR
A54: 2333 | B54: 8 | C54: - | D54: - | E54: Ipiranga Passos | F54: 1 | G54: - | H54: - | I54: Calha Alta Drenagem Inox - 66" | J54: - | K54: - | L54: 46356 | N54: =Tabela4[[#This Row],[Prazo Entrega]]-TODAY() -> 137 | O54: =IF(N54<0,"ATRASADO",IF(N54<=15,"ATENÇÃO","NO PRAZO")) -> NO PRAZO | P54: c/ usinagem | Q54: 46203 | R54: AG. | S54: AG. DES. ENG.
A55: 2333 | B55: 9 | C55: - | D55: - | E55: Ipiranga Passos | F55: 1 | G55: - | H55: - | I55: Calha Alta Drenagem Inox - 66" | J55: - | K55: - | L55: 46356 | N55: =Tabela4[[#This Row],[Prazo Entrega]]-TODAY() -> 137 | O55: =IF(N55<0,"ATRASADO",IF(N55<=15,"ATENÇÃO","NO PRAZO")) -> NO PRAZO | P55: c/ usinagem | Q55: 46203 | R55: AG. | S55: AG. DES. ENG.
A56: 2333 | B56: 11 | C56: - | D56: - | E56: Ipiranga Passos | F56: 1 | G56: - | H56: - | I56: Flange Rolo Sup. Alta Drenagem 66" - 1T | J56: - | K56: - | L56: 46356 | N56: =Tabela4[[#This Row],[Prazo Entrega]]-TODAY() -> 137 | O56: =IF(N56<0,"ATRASADO",IF(N56<=15,"ATENÇÃO","NO PRAZO")) -> NO PRAZO | P56: c/ usinagem | Q56: 46203 | R56: AG. | S56: AG. DES. ENG.
A57: 2333 | B57: 12 | C57: - | D57: - | E57: Ipiranga Passos | F57: 1 | G57: - | H57: - | I57: Flange Rolo Sup. Alta Drenagem 66" - 1T | J57: - | K57: - | L57: 46356 | N57: =Tabela4[[#This Row],[Prazo Entrega]]-TODAY() -> 137 | O57: =IF(N57<0,"ATRASADO",IF(N57<=15,"ATENÇÃO","NO PRAZO")) -> NO PRAZO | P57: c/ usinagem | Q57: 46203 | R57: AG. | S57: AG. DES. ENG.
A58: 2333 | B58: 13 | C58: - | D58: - | E58: Ipiranga Passos | F58: 1 | G58: - | H58: - | I58: Flange Rolo Sup. Alta Drenagem 66" - 5T | J58: - | K58: - | L58: 46356 | N58: =Tabela4[[#This Row],[Prazo Entrega]]-TODAY() -> 137 | O58: =IF(N58<0,"ATRASADO",IF(N58<=15,"ATENÇÃO","NO PRAZO")) -> NO PRAZO | P58: c/ usinagem | Q58: 46203 | R58: AG. | S58: AG. DES. ENG.
A59: 2333 | B59: 14 | C59: - | D59: - | E59: Ipiranga Passos | F59: 1 | G59: - | H59: - | I59: Flange Rolo Sup. Alta Drenagem 66" - 5T | J59: - | K59: - | L59: 46356 | N59: =Tabela4[[#This Row],[Prazo Entrega]]-TODAY() -> 137 | O59: =IF(N59<0,"ATRASADO",IF(N59<=15,"ATENÇÃO","NO PRAZO")) -> NO PRAZO | P59: c/ usinagem | Q59: 46203 | R59: AG. | S59: AG. DES. ENG.
A60: 2333 | B60: 55 | C60: 27616 | D60: 49 | E60: Ipiranga Passos | F60: 1 | G60: - | H60: - | I60: Munhão c/ Inox - 66" | J60: 46295 | L60: 46356 | N60: =Tabela4[[#This Row],[Prazo Entrega]]-TODAY() -> 137 | O60: =IF(N60<0,"ATRASADO",IF(N60<=15,"ATENÇÃO","NO PRAZO")) -> NO PRAZO | P60: c/ usinagem | Q60: 46203 | R60: AG. | S60: AG. DES. ENG. | T60: AG. INFORMAÇÃO DO CLIENTE
A61: 2333 | B61: 56 | C61: 27616 | D61: 50 | E61: Ipiranga Passos | F61: 1 | G61: - | H61: - | I61: Munhão c/ Inox - 66" | J61: 46295 | L61: 46356 | N61: =Tabela4[[#This Row],[Prazo Entrega]]-TODAY() -> 137 | O61: =IF(N61<0,"ATRASADO",IF(N61<=15,"ATENÇÃO","NO PRAZO")) -> NO PRAZO | P61: c/ usinagem | Q61: 46203 | R61: AG. | S61: AG. DES. ENG. | T61: AG. INFORMAÇÃO DO CLIENTE
A62: 2333 | B62: 57 | C62: 27616 | D62: 51 | E62: Ipiranga Passos | F62: 1 | G62: - | H62: - | I62: Suporte da Bagaceira - 66" | J62: 46295 | L62: 46356 | N62: =Tabela4[[#This Row],[Prazo Entrega]]-TODAY() -> 137 | O62: =IF(N62<0,"ATRASADO",IF(N62<=15,"ATENÇÃO","NO PRAZO")) -> NO PRAZO | P62: c/ usinagem | Q62: 46203 | R62: AG. | S62: AG. DES. ENG. | T62: AG. INFORMAÇÃO DO CLIENTE
A63: 2333 | B63: 63 | C63: - | D63: - | E63: Ipiranga Passos | F63: 1 | G63: - | H63: - | I63: Kit Vedação Borracha SUP - 66" | J63: - | K63: - | L63: 46356 | N63: =Tabela4[[#This Row],[Prazo Entrega]]-TODAY() -> 137 | O63: =IF(N63<0,"ATRASADO",IF(N63<=15,"ATENÇÃO","NO PRAZO")) -> NO PRAZO | P63: - | Q63: 46233 | R63: AG. | S63: AG. DES. ENG.
A64: 2333 | B64: 64 | C64: - | D64: - | E64: Ipiranga Passos | F64: 1 | G64: - | H64: - | I64: Kit Vedação Borracha SUP - 66" | J64: - | K64: - | L64: 46356 | N64: =Tabela4[[#This Row],[Prazo Entrega]]-TODAY() -> 137 | O64: =IF(N64<0,"ATRASADO",IF(N64<=15,"ATENÇÃO","NO PRAZO")) -> NO PRAZO | P64: - | Q64: 46233 | R64: AG. | S64: AG. DES. ENG.
A65: 2333 | B65: 65 | C65: - | D65: - | E65: Ipiranga Passos | F65: 1 | G65: - | H65: - | I65: Kit Vedação Borracha SUP - 66" | J65: - | K65: - | L65: 46356 | N65: =Tabela4[[#This Row],[Prazo Entrega]]-TODAY() -> 137 | O65: =IF(N65<0,"ATRASADO",IF(N65<=15,"ATENÇÃO","NO PRAZO")) -> NO PRAZO | P65: - | Q65: 46233 | R65: AG. | S65: AG. DES. ENG.
A66: 2333 | B66: 66 | C66: - | D66: - | E66: Ipiranga Passos | F66: 1 | G66: - | H66: - | I66: Kit Vedação Borracha SUP - 66" | J66: - | K66: - | L66: 46356 | N66: =Tabela4[[#This Row],[Prazo Entrega]]-TODAY() -> 137 | O66: =IF(N66<0,"ATRASADO",IF(N66<=15,"ATENÇÃO","NO PRAZO")) -> NO PRAZO | P66: - | Q66: 46233 | R66: AG. | S66: AG. DES. ENG.
A67: 2333 | B67: 67 | C67: - | D67: - | E67: Ipiranga Passos | F67: 1 | G67: - | H67: - | I67: Kit Vedação Borracha SUP - 66" | J67: - | K67: - | L67: 46356 | N67: =Tabela4[[#This Row],[Prazo Entrega]]-TODAY() -> 137 | O67: =IF(N67<0,"ATRASADO",IF(N67<=15,"ATENÇÃO","NO PRAZO")) -> NO PRAZO | P67: - | Q67: 46233 | R67: AG. | S67: AG. DES. ENG.
A68: 2333 | B68: 68 | C68: - | D68: - | E68: Ipiranga Passos | F68: 1 | G68: - | H68: - | I68: Kit Vedação Borracha INF - 66" | J68: - | K68: - | L68: 46356 | N68: =Tabela4[[#This Row],[Prazo Entrega]]-TODAY() -> 137 | O68: =IF(N68<0,"ATRASADO",IF(N68<=15,"ATENÇÃO","NO PRAZO")) -> NO PRAZO | P68: - | Q68: 46233 | R68: AG. | S68: AG. DES. ENG.
A69: 2333 | B69: 69 | C69: - | D69: - | E69: Ipiranga Passos | F69: 1 | G69: - | H69: - | I69: Kit Vedação Borracha INF - 66" | J69: - | K69: - | L69: 46356 | N69: =Tabela4[[#This Row],[Prazo Entrega]]-TODAY() -> 137 | O69: =IF(N69<0,"ATRASADO",IF(N69<=15,"ATENÇÃO","NO PRAZO")) -> NO PRAZO | P69: - | Q69: 46233 | R69: AG. | S69: AG. DES. ENG.
A70: 2333 | B70: 70 | C70: - | D70: - | E70: Ipiranga Passos | F70: 1 | G70: - | H70: - | I70: Kit Vedação Borracha INF - 66" | J70: - | K70: - | L70: 46356 | N70: =Tabela4[[#This Row],[Prazo Entrega]]-TODAY() -> 137 | O70: =IF(N70<0,"ATRASADO",IF(N70<=15,"ATENÇÃO","NO PRAZO")) -> NO PRAZO | P70: - | Q70: 46233 | R70: AG. | S70: AG. DES. ENG.
A71: 2333 | B71: 71 | C71: - | D71: - | E71: Ipiranga Passos | F71: 1 | G71: - | H71: - | I71: Kit Vedação Borracha INF - 66" | J71: - | K71: - | L71: 46356 | N71: =Tabela4[[#This Row],[Prazo Entrega]]-TODAY() -> 137 | O71: =IF(N71<0,"ATRASADO",IF(N71<=15,"ATENÇÃO","NO PRAZO")) -> NO PRAZO | P71: - | Q71: 46233 | R71: AG. | S71: AG. DES. ENG.
A72: 2333 | B72: 72 | C72: - | D72: - | E72: Ipiranga Passos | F72: 1 | G72: - | H72: - | I72: Kit Vedação Borracha INF - 66" | J72: - | K72: - | L72: 46356 | N72: =Tabela4[[#This Row],[Prazo Entrega]]-TODAY() -> 137 | O72: =IF(N72<0,"ATRASADO",IF(N72<=15,"ATENÇÃO","NO PRAZO")) -> NO PRAZO | P72: - | Q72: 46233 | R72: AG. | S72: AG. DES. ENG.
A73: 2333 | B73: 73 | C73: - | D73: - | E73: Ipiranga Passos | F73: 1 | G73: - | H73: - | I73: Kit Vedação Borracha INF - 66" | J73: - | K73: - | L73: 46356 | N73: =Tabela4[[#This Row],[Prazo Entrega]]-TODAY() -> 137 | O73: =IF(N73<0,"ATRASADO",IF(N73<=15,"ATENÇÃO","NO PRAZO")) -> NO PRAZO | P73: - | Q73: 46233 | R73: AG. | S73: AG. DES. ENG.
A74: 2333 | B74: 74 | C74: - | D74: - | E74: Ipiranga Passos | F74: 1 | G74: - | H74: - | I74: Kit Vedação Borracha INF - 66" | J74: - | K74: - | L74: 46356 | N74: =Tabela4[[#This Row],[Prazo Entrega]]-TODAY() -> 137 | O74: =IF(N74<0,"ATRASADO",IF(N74<=15,"ATENÇÃO","NO PRAZO")) -> NO PRAZO | P74: - | Q74: 46233 | R74: AG. | S74: AG. DES. ENG.
... A88: 2333 | B88: 88 | C88: - | D88: - | E88: Ipiranga Passos | F88: 1 | G88: - | H88: - | I88: Substituição Elementos Fixações - 66" | J88: - | K88: - | L88: 46356 | N88: =Tabela4[[#This Row],[Prazo Entrega]]-TODAY() -> 137 | O88: =IF(N88<0,"ATRASADO",IF(N88<=15,"ATENÇÃO","NO PRAZO")) -> NO PRAZO | P88: - | Q88: 46233 | R88: AG. | S88: AG. DES. ENG.
A89: 1945 | B89: 1 | C89: - | D89: - | E89: Cafealcool | F89: 1 | G89: - | H89: - | I89: Cj. Desfibrador COP.5 54" | J89: - | K89: - | L89: 46203 | M89: 46172 | N89: =Tabela4[[#This Row],[Prazo Entrega]]-TODAY() -> -16 | O89: PRONTO | P89: - | Q89: OK | R89: OK | S89: AG. COLETAR
A90: 2345 | B90: 2 | C90: - | D90: - | E90: Atvos Santa Luzia | F90: 1 | G90: - | H90: - | I90: Flange Sup. De Alta Drenagem | J90: - | K90: - | L90: 46371 | N90: =Tabela4[[#This Row],[Prazo Entrega]]-TODAY() -> 152 | O90: =IF(N90<0,"ATRASADO",IF(N90<=15,"ATENÇÃO","NO PRAZO")) -> NO PRAZO | P90: - | Q90: 46264 | R90: AG. | S90: AG. DES. ENG.
A91: 2345 | B91: 3 | C91: - | D91: - | E91: Atvos Santa Luzia | F91: 1 | G91: - | H91: - | I91: Flange Sup. De Alta Drenagem | J91: - | K91: - | L91: 46371 | N91: =Tabela4[[#This Row],[Prazo Entrega]]-TODAY() -> 152 | O91: =IF(N91<0,"ATRASADO",IF(N91<=15,"ATENÇÃO","NO PRAZO")) -> NO PRAZO | P91: - | Q91: 46264 | R91: AG. | S91: AG. DES. ENG.
A92: 2345 | B92: 4 | C92: - | D92: - | E92: Atvos Santa Luzia | F92: 1 | G92: - | H92: - | I92: Calha Em Chapa Inferior (AISI 304) | J92: - | K92: - | L92: 46371 | N92: =Tabela4[[#This Row],[Prazo Entrega]]-TODAY() -> 152 | O92: =IF(N92<0,"ATRASADO",IF(N92<=15,"ATENÇÃO","NO PRAZO")) -> NO PRAZO | P92: - | Q92: 46264 | R92: AG. | S92: AG. DES. ENG.
A93: 2345 | B93: 5 | C93: - | D93: - | E93: Atvos Santa Luzia | F93: 1 | G93: - | H93: - | I93: Calha Em Chapa Inferior (AISI 304) | J93: - | K93: - | L93: 46371 | N93: =Tabela4[[#This Row],[Prazo Entrega]]-TODAY() -> 152 | O93: =IF(N93<0,"ATRASADO",IF(N93<=15,"ATENÇÃO","NO PRAZO")) -> NO PRAZO | P93: - | Q93: 46264 | R93: AG. | S93: AG. DES. ENG.
A94: 2345 | B94: 6 | C94: - | D94: - | E94: Atvos Santa Luzia | F94: 1 | G94: - | H94: - | I94: Chapa De Vedação Ø1330 | J94: - | K94: - | L94: 46371 | N94: =Tabela4[[#This Row],[Prazo Entrega]]-TODAY() -> 152 | O94: =IF(N94<0,"ATRASADO",IF(N94<=15,"ATENÇÃO","NO PRAZO")) -> NO PRAZO | P94: - | Q94: 46264 | R94: AG. | S94: AG. DES. ENG.
A95: 2345 | B95: 7 | C95: - | D95: - | E95: Atvos Santa Luzia | F95: 1 | G95: - | H95: - | I95: Chapa De Vedação Ø1330 | J95: - | K95: - | L95: 46371 | N95: =Tabela4[[#This Row],[Prazo Entrega]]-TODAY() -> 152 | O95: =IF(N95<0,"ATRASADO",IF(N95<=15,"ATENÇÃO","NO PRAZO")) -> NO PRAZO | P95: - | Q95: 46264 | R95: AG. | S95: AG. DES. ENG.
A96: 2345 | B96: 8 | C96: - | D96: - | E96: Atvos Santa Luzia | F96: 36 | G96: - | H96: - | I96: Arruela Esférica | J96: - | K96: - | L96: 46371 | N96: =Tabela4[[#This Row],[Prazo Entrega]]-TODAY() -> 152 | O96: =IF(N96<0,"ATRASADO",IF(N96<=15,"ATENÇÃO","NO PRAZO")) -> NO PRAZO | P96: - | Q96: 46264 | R96: AG. | S96: AG. DES. ENG.
A97: 2345 | B97: 9 | C97: - | D97: - | E97: Atvos Santa Luzia | F97: 36 | G97: - | H97: - | I97: Parafuso De Flange | J97: - | K97: - | L97: 46371 | N97: =Tabela4[[#This Row],[Prazo Entrega]]-TODAY() -> 152 | O97: =IF(N97<0,"ATRASADO",IF(N97<=15,"ATENÇÃO","NO PRAZO")) -> NO PRAZO | P97: - | Q97: 46264 | R97: AG. | S97: AG. DES. ENG.
A98: 2348 | B98: 9 | C98: - | D98: - | E98: Santa Terezinha Iguatemi | F98: 2 | G98: - | H98: - | I98: FLANGE SUP. DE ALTA DRENAGEM -54" | J98: - | K98: - | L98: 46325 | N98: =Tabela4[[#This Row],[Prazo Entrega]]-TODAY() -> 106 | O98: =IF(N98<0,"ATRASADO",IF(N98<=15,"ATENÇÃO","NO PRAZO")) -> NO PRAZO | P98: - | Q98: 46264 | R98: AG. | S98: AG. DES. ENG.
A99: 2348 | B99: 10 | C99: - | D99: - | E99: Santa Terezinha Iguatemi | F99: 2 | G99: - | H99: - | I99: FLANGE SUP. DE ALTA DRENAGEM -54" | J99: - | K99: - | L99: 46325 | N99: =Tabela4[[#This Row],[Prazo Entrega]]-TODAY() -> 106 | O99: =IF(N99<0,"ATRASADO",IF(N99<=15,"ATENÇÃO","NO PRAZO")) -> NO PRAZO | P99: - | Q99: 46264 | R99: AG. | S99: AG. DES. ENG.
A100: 2348 | B100: 11 | C100: - | D100: - | E100: Santa Terezinha Iguatemi | F100: 2 | G100: - | H100: - | I100: FLANGE SUP. DE ALTA DRENAGEM -54" | J100: - | K100: - | L100: 46325 | N100: =Tabela4[[#This Row],[Prazo Entrega]]-TODAY() -> 106 | O100: =IF(N100<0,"ATRASADO",IF(N100<=15,"ATENÇÃO","NO PRAZO")) -> NO PRAZO | P100: - | Q100: 46264 | R100: AG. | S100: AG. DES. ENG.
A101: 2348 | B101: 12 | C101: - | D101: - | E101: Santa Terezinha Iguatemi | F101: 1 | G101: - | H101: - | I101: CALHA ROLO INFERIOR AISI 304 - 54" | J101: - | K101: - | L101: 46325 | N101: =Tabela4[[#This Row],[Prazo Entrega]]-TODAY() -> 106 | O101: =IF(N101<0,"ATRASADO",IF(N101<=15,"ATENÇÃO","NO PRAZO")) -> NO PRAZO | P101: - | Q101: 46264 | R101: AG. | S101: AG. DES. ENG.
... A107: 2349 | B107: 9 | C107: - | D107: - | E107: Santa Terezinha Terra Rica | F107: 1 | G107: - | H107: - | I107: FLANGE SUPERIOR EM CHAPA - 54" | J107: - | K107: - | L107: 46356 | N107: =Tabela4[[#This Row],[Prazo Entrega]]-TODAY() -> 137 | O107: =IF(N107<0,"ATRASADO",IF(N107<=15,"ATENÇÃO","NO PRAZO")) -> NO PRAZO | P107: - | Q107: 46264 | R107: AG. | S107: AG. DES. ENG.
A108: 2349 | B108: 10 | C108: 27633 | D108: 8 | E108: Santa Terezinha Terra Rica | F108: 1 | G108: 1343012 | I108: SUPORTE DA BAlANÇA (MUNHÃO) - 54" | J108: 46235 | L108: 46386 | N108: =Tabela4[[#This Row],[Prazo Entrega]]-TODAY() -> 167 | O108: =IF(N108<0,"ATRASADO",IF(N108<=15,"ATENÇÃO","NO PRAZO")) -> NO PRAZO | P108: - | Q108: OK | R108: OK | S108: AG. FUNDIDO
A109: 2349 | B109: 11 | C109: 27633 | D109: 9 | E109: Santa Terezinha Terra Rica | F109: 1 | G109: 1343012 | I109: SUPORTE DA BAlANÇA (MUNHÃO) - 54" | J109: 46235 | L109: 46386 | N109: =Tabela4[[#This Row],[Prazo Entrega]]-TODAY() -> 167 | O109: =IF(N109<0,"ATRASADO",IF(N109<=15,"ATENÇÃO","NO PRAZO")) -> NO PRAZO | P109: - | Q109: OK | R109: OK | S109: AG. FUNDIDO
A110: 2349 | B110: 12 | C110: 27633 | D110: 10 | E110: Santa Terezinha Terra Rica | F110: 1 | G110: 1343012 | I110: SUPORTE DA BAlANÇA (MUNHÃO) - 54" | J110: 46235 | L110: 46386 | N110: =Tabela4[[#This Row],[Prazo Entrega]]-TODAY() -> 167 | O110: =IF(N110<0,"ATRASADO",IF(N110<=15,"ATENÇÃO","NO PRAZO")) -> NO PRAZO | P110: - | Q110: OK | R110: OK | S110: AG. FUNDIDO
A111: 2349 | B111: 13 | C111: 27633 | D111: 11 | E111: Santa Terezinha Terra Rica | F111: 1 | G111: 1343012 | I111: SUPORTE DA BAlANÇA (MUNHÃO) - 54" | J111: 46235 | L111: 46386 | N111: =Tabela4[[#This Row],[Prazo Entrega]]-TODAY() -> 167 | O111: =IF(N111<0,"ATRASADO",IF(N111<=15,"ATENÇÃO","NO PRAZO")) -> NO PRAZO | P111: - | Q111: OK | R111: OK | S111: AG. FUNDIDO
A112: 2349 | B112: 14 | C112: - | D112: - | E112: Santa Terezinha Terra Rica | F112: 1 | G112: - | H112: - | I112: CALHA ROLO INFERIOR - MDA 54" | J112: - | K112: - | L112: 46356 | N112: =Tabela4[[#This Row],[Prazo Entrega]]-TODAY() -> 137 | O112: =IF(N112<0,"ATRASADO",IF(N112<=15,"ATENÇÃO","NO PRAZO")) -> NO PRAZO | P112: - | Q112: 46264 | R112: AG. | S112: AG. DES. ENG.
A113: 2349 | B113: 15 | C113: - | D113: - | E113: Santa Terezinha Terra Rica | F113: 1 | G113: - | H113: - | I113: CALHA ROLO INFERIOR - MDA 54" | J113: - | K113: - | L113: 46356 | N113: =Tabela4[[#This Row],[Prazo Entrega]]-TODAY() -> 137 | O113: =IF(N113<0,"ATRASADO",IF(N113<=15,"ATENÇÃO","NO PRAZO")) -> NO PRAZO | P113: - | Q113: 46264 | R113: AG. | S113: AG. DES. ENG.
A114: 2349 | B114: 16 | C114: - | D114: - | E114: Santa Terezinha Terra Rica | F114: 1 | G114: - | H114: - | I114: CALHA ROLO INFERIOR - MDA 54" | J114: - | K114: - | L114: 46356 | N114: =Tabela4[[#This Row],[Prazo Entrega]]-TODAY() -> 137 | O114: =IF(N114<0,"ATRASADO",IF(N114<=15,"ATENÇÃO","NO PRAZO")) -> NO PRAZO | P114: - | Q114: 46264 | R114: AG. | S114: AG. DES. ENG.
A115: 2349 | B115: 17 | C115: - | D115: - | E115: Santa Terezinha Terra Rica | F115: 1 | G115: - | H115: - | I115: CALHA ROLO INFERIOR - MDA 54" | J115: - | K115: - | L115: 46356 | N115: =Tabela4[[#This Row],[Prazo Entrega]]-TODAY() -> 137 | O115: =IF(N115<0,"ATRASADO",IF(N115<=15,"ATENÇÃO","NO PRAZO")) -> NO PRAZO | P115: - | Q115: 46264 | R115: AG. | S115: AG. DES. ENG.
A116: 2349 | B116: 18 | C116: - | D116: - | E116: Santa Terezinha Terra Rica | F116: 1 | G116: - | H116: - | I116: CALHA ROLO INFERIOR - MDA 54" | J116: - | K116: - | L116: 46356 | N116: =Tabela4[[#This Row],[Prazo Entrega]]-TODAY() -> 137 | O116: =IF(N116<0,"ATRASADO",IF(N116<=15,"ATENÇÃO","NO PRAZO")) -> NO PRAZO | P116: - | Q116: 46264 | R116: AG. | S116: AG. DES. ENG.
A117: 2349 | B117: 19 | C117: - | D117: - | E117: Santa Terezinha Terra Rica | F117: 1 | G117: - | H117: - | I117: CALHA ROLO INFERIOR - MDA 54" | J117: - | K117: - | L117: 46356 | N117: =Tabela4[[#This Row],[Prazo Entrega]]-TODAY() -> 137 | O117: =IF(N117<0,"ATRASADO",IF(N117<=15,"ATENÇÃO","NO PRAZO")) -> NO PRAZO | P117: - | Q117: 46264 | R117: AG. | S117: AG. DES. ENG.
A118: 2349 | B118: 20 | C118: - | D118: - | E118: Santa Terezinha Terra Rica | F118: 1 | G118: - | H118: - | I118: CALHA ROLO INFERIOR - MDA 54" | J118: - | K118: - | L118: 46356 | N118: =Tabela4[[#This Row],[Prazo Entrega]]-TODAY() -> 137 | O118: =IF(N118<0,"ATRASADO",IF(N118<=15,"ATENÇÃO","NO PRAZO")) -> NO PRAZO | P118: - | Q118: 46264 | R118: AG. | S118: AG. DES. ENG.
A119: 2349 | B119: 21 | C119: - | D119: - | E119: Santa Terezinha Terra Rica | F119: 1 | G119: - | H119: - | I119: CALHA ROLO INFERIOR - MDA 54" | J119: - | K119: - | L119: 46356 | N119: =Tabela4[[#This Row],[Prazo Entrega]]-TODAY() -> 137 | O119: =IF(N119<0,"ATRASADO",IF(N119<=15,"ATENÇÃO","NO PRAZO")) -> NO PRAZO | P119: - | Q119: 46264 | R119: AG. | S119: AG. DES. ENG.
A120: 2349 | B120: 23 | C120: - | D120: - | E120: Santa Terezinha Terra Rica | F120: 1 | G120: - | H120: - | I120: CALHA ROLO INFERIOR - MDA 78" | J120: - | K120: - | L120: 46356 | N120: =Tabela4[[#This Row],[Prazo Entrega]]-TODAY() -> 137 | O120: =IF(N120<0,"ATRASADO",IF(N120<=15,"ATENÇÃO","NO PRAZO")) -> NO PRAZO | P120: - | Q120: 46264 | R120: AG. | S120: AG. DES. ENG.
A121: 2349 | B121: 24 | C121: - | D121: - | E121: Santa Terezinha Terra Rica | F121: 1 | G121: - | H121: - | I121: CALHA ROLO INFERIOR - MDA 78" | J121: - | K121: - | L121: 46356 | N121: =Tabela4[[#This Row],[Prazo Entrega]]-TODAY() -> 137 | O121: =IF(N121<0,"ATRASADO",IF(N121<=15,"ATENÇÃO","NO PRAZO")) -> NO PRAZO | P121: - | Q121: 46264 | R121: AG. | S121: AG. DES. ENG.
A122: 2349 | B122: 25 | C122: - | D122: - | E122: Santa Terezinha Terra Rica | F122: 1 | G122: - | H122: - | I122: CALHA ROLO INFERIOR - MDA 78" | J122: - | K122: - | L122: 46356 | N122: =Tabela4[[#This Row],[Prazo Entrega]]-TODAY() -> 137 | O122: =IF(N122<0,"ATRASADO",IF(N122<=15,"ATENÇÃO","NO PRAZO")) -> NO PRAZO | P122: - | Q122: 46264 | R122: AG. | S122: AG. DES. ENG.
A123: 2349 | B123: 26 | C123: - | D123: - | E123: Santa Terezinha Terra Rica | F123: 1 | G123: - | H123: - | I123: CALHA ROLO INFERIOR - MDA 78" | J123: - | K123: - | L123: 46356 | N123: =Tabela4[[#This Row],[Prazo Entrega]]-TODAY() -> 137 | O123: =IF(N123<0,"ATRASADO",IF(N123<=15,"ATENÇÃO","NO PRAZO")) -> NO PRAZO | P123: - | Q123: 46264 | R123: AG. | S123: AG. DES. ENG.

Sheet REFORMA DIVERSAS
A1: PV | B1: Item | C1: Cliente | D1: Descrição | E1: Qtde. | F1: Bit | G1: Terno | H1: Desenho Previsão | I1: Des. | J1: Prazo Entrega | K1: OP1 | L1: OP2 | M1: OP3 | N1: OP4 | O1: OP5 | P1: OP6 | Q1: OP7 | R1: OP8 | S1: OP9 | T1: Status | U1: Observação
A2: 1027 | B2: - | C2: Água Bonita | D2: Manutenção Cabeçote Lateral | E2: 4 | F2: 66" | G2: 2º | H2: 46388 | I2: AG | J2: 46423 | K2: Receber | L2: Insp. | M2: Laudo | T2: AG. PEÇA CLIENTE
A3: 1027 | B3: - | C3: Água Bonita | D3: Manutenção Cabeçote Lateral | E3: 4 | F3: 66" | G3: 3º | H3: 46388 | I3: AG | J3: 46423 | K3: Receber | L3: Insp. | M3: Laudo | T3: AG. PEÇA CLIENTE
A4: 1027 | B4: - | C4: Água Bonita | D4: Manutenção Balança | E4: 1 | F4: 66" | G4: 3º | H4: 46388 | I4: AG | J4: 46414 | K4: Receber | L4: Insp. | M4: Laudo | T4: AG. PEÇA CLIENTE
A5: 1027 | B5: - | C5: Água Bonita | D5: Manutenção Caixa Mancal Inf | E5: 2 | F5: 66" | G5: 3º | H5: 46388 | I5: AG | J5: 46376 | K5: Receber | L5: Insp. | M5: Laudo | T5: AG. LAUDO
A6: 1027 | B6: - | C6: Água Bonita | D6: Manutenção Caixa Mancal Inf | E6: 2 | F6: 66" | G6: 3º | H6: 46388 | I6: AG | J6: 46407 | K6: Receber | L6: Insp. | M6: Laudo | T6: AG. PEÇA CLIENTE
A7: 1027 | B7: - | C7: Água Bonita | D7: Manutenção Caixa Mancal Inf | E7: 4 | F7: 66" | G7: 4º | H7: 46388 | I7: AG | J7: 46407 | K7: Receber | L7: Insp. | M7: Laudo | T7: AG. PEÇA CLIENTE
A8: 1027 | B8: - | C8: Água Bonita | D8: Manutenção Caixa Mancal Inf | E8: 4 | F8: 66" | G8: 5º | H8: 46388 | I8: AG | J8: 46407 | K8: Receber | L8: Insp. | M8: Laudo | T8: AG. PEÇA CLIENTE
A9: 1027 | B9: - | C9: Água Bonita | D9: Manutenção Flange Moenda | E9: 2 | F9: 66" | G9: 4º | H9: 46614 | I9: AG | J9: 46376 | K9: Receber | L9: Insp. | M9: Laudo | T9: AG. LAUDO
A10: 1027 | B10: - | C10: Água Bonita | D10: Manutenção Flange Moenda | E10: 2 | F10: 84" | G10: 5º | H10: 46614 | I10: AG | J10: 46376 | K10: Receber | L10: Insp. | M10: Laudo | T10: AG. LAUDO
A11: 1027 | B11: - | C11: Água Bonita | D11: Reforma Rodete Moeda | E11: 3 | F11: 84" | G11: 1º | H11: 46388 | I11: AG | J11: 46408 | K11: Receber | L11: Insp. | M11: Laudo | T11: AG. PEÇA CLIENTE
A12: 1027 | B12: - | C12: Água Bonita | D12: Manutenção Rolo Inferior-84(03) | E12: 1 | F12: 84" | G12: 1º | H12: 46388 | I12: AG | J12: 46416 | K12: Receber | L12: Desmontar | M12: Insp. | N12: Laudo | O12: Montar | T12: AG. PEÇA CLIENTE
A13: 1027 | B13: - | C13: Água Bonita | D13: Manutenção Rolo Inferior-84(02) | E13: 1 | F13: 84" | G13: 1º | H13: 46388 | I13: AG | J13: 46417 | K13: Receber | L13: Desmontar | M13: Insp. | N13: Laudo | O13: Montar | T13: AG. PEÇA CLIENTE
A14: 1027 | B14: - | C14: Água Bonita | D14: Manutenção Rolo Inferior-9 | E14: 1 | F14: 84" | G14: 2º | H14: 46388 | I14: AG | J14: 46420 | K14: Receber | L14: Desmontar | M14: Insp. | N14: Laudo | O14: Montar | T14: AG. PEÇA CLIENTE
A15: 1027 | B15: - | C15: Água Bonita | D15: Manutenção Rolo Inferior-17 | E15: 1 | F15: 1700 | G15: 2º | H15: 46388 | I15: AG | J15: 46421 | K15: Receber | L15: Desmontar | M15: Insp. | N15: Laudo | O15: Montar | T15: AG. PEÇA CLIENTE
A16: 1027 | B16: - | C16: Água Bonita | D16: Manutenção Rolo Inferior-7 | E16: 1 | F16: 1700 | G16: 3º | H16: 46388 | I16: AG | J16: 46423 | K16: Receber | L16: Desmontar | M16: Insp. | N16: Laudo | O16: Montar | T16: AG. PEÇA CLIENTE
A17: 1027 | B17: - | C17: Água Bonita | D17: Manutenção Rolo Inferior-2 | E17: 1 | F17: 1700 | G17: 3º | H17: 46388 | I17: AG | J17: 46414 | K17: Receber | L17: Desmontar | M17: Insp. | N17: Laudo | O17: Montar | T17: AG. PEÇA CLIENTE
A18: 1027 | B18: - | C18: Água Bonita | D18: Manutenção Rolo Inferior-3 | E18: 1 | F18: 1700 | G18: 4º | H18: 46388 | I18: AG | J18: 46424 | K18: Receber | L18: Desmontar | M18: Insp. | N18: Laudo | O18: Montar | T18: AG. PEÇA CLIENTE
A19: 1027 | B19: - | C19: Água Bonita | D19: Manutenção Rolo Inferior-10 | E19: 1 | F19: 1700 | G19: 4º | H19: 46388 | I19: AG | J19: 46408 | K19: Receber | L19: Desmontar | M19: Insp. | N19: Laudo | O19: Montar | T19: AG. PEÇA CLIENTE
A20: 1027 | B20: - | C20: Água Bonita | D20: Manutenção Rolo Inferior-20 | E20: 1 | F20: 1700 | G20: 5º | H20: 46388 | I20: AG | J20: 46427 | K20: Receber | L20: Desmontar | M20: Insp. | N20: Laudo | O20: Montar | T20: AG. PEÇA CLIENTE
A21: 1027 | B21: - | C21: Água Bonita | D21: Manutenção Rolo Inferior-18 | E21: 1 | F21: 1700 | G21: 5º | H21: 46388 | I21: AG | J21: 46410 | K21: Receber | L21: Desmontar | M21: Insp. | N21: Laudo | O21: Montar | T21: AG. PEÇA CLIENTE
A22: 1027 | B22: - | C22: Água Bonita | D22: Manutenção Rolo Superior-84(01) | E22: 1 | F22: 84" | G22: 1º | H22: 46388 | I22: AG | J22: 46428 | K22: Receber | L22: Desmontar | M22: Insp. | N22: Laudo | O22: Montar | T22: AG. PEÇA CLIENTE
A23: 1027 | B23: - | C23: Água Bonita | D23: Manutenção Rolo Superior-24 | E23: 1 | F23: 1700 | G23: 2º | H23: 46388 | I23: AG | J23: 46430 | K23: Receber | L23: Desmontar | M23: Insp. | N23: Laudo | O23: Montar | T23: AG. PEÇA CLIENTE
A24: 1027 | B24: - | C24: Água Bonita | D24: Manutenção Rolo Superior-19 | E24: 1 | F24: 1700 | G24: 3º | H24: 46388 | I24: AG | J24: 46431 | K24: Receber | L24: Desmontar | M24: Insp. | N24: Laudo | O24: Montar | T24: AG. PEÇA CLIENTE
A25: 1027 | B25: - | C25: Água Bonita | D25: Manutenção Rolo Superior-15 | E25: 1 | F25: 1700 | G25: 4º | H25: 46388 | I25: AG | J25: 46433 | K25: Receber | L25: Desmontar | M25: Insp. | N25: Laudo | O25: Montar | T25: AG. PEÇA CLIENTE
A26: 1027 | B26: - | C26: Água Bonita | D26: Manutenção Rolo Superior-16 | E26: 1 | F26: 1700 | G26: 5º | H26: 46388 | I26: AG | J26: 46434 | K26: Receber | L26: Desmontar | M26: Insp. | N26: Laudo | O26: Montar | T26: AG. PEÇA CLIENTE
A27: 1020 | B27: - | C27: Atvos Santa Luzia | D27: Reforma Suporte Bagaceira | E27: 1 | F27: 100" | G27: 1º | H27: 46388 | I27: AG | J27: 46417 | K27: Receber | L27: Insp. | M27: Laudo | T27: AG. PEÇA CLIENTE
A28: 1020 | B28: - | C28: Atvos Santa Luzia | D28: Manutenção Rolo Inferior-121 | E28: 1 | F28: 100" | G28: 1º | H28: 46388 | I28: AG | J28: 22/01/27 | K28: Receber | L28: Desmontar | M28: Insp. | N28: Laudo | O28: Montar | T28: AG. PEÇA CLIENTE
A29: 1020 | B29: - | C29: Atvos Santa Luzia | D29: Manutenção Rolo Inferior-103 | E29: 1 | F29: 100" | G29: 1º | H29: 46388 | I29: AG | J29: 23/01/27 | K29: Receber | L29: Desmontar | M29: Insp. | N29: Laudo | O29: Montar | T29: AG. PEÇA CLIENTE
A30: 1020 | B30: - | C30: Atvos Santa Luzia | D30: Manutenção Rolo Inferior-128 | E30: 1 | F30: 90" | G30: 2º | H30: 46388 | I30: AG | J30: 26/01/27 | K30: Receber | L30: Desmontar | M30: Insp. | N30: Laudo | O30: Montar | T30: AG. PEÇA CLIENTE
A31: 1020 | B31: - | C31: Atvos Santa Luzia | D31: Manutenção Rolo Inferior-127 | E31: 1 | F31: 90" | G31: 2º | H31: 46388 | I31: AG | J31: 28/01/27 | K31: Receber | L31: Desmontar | M31: Insp. | N31: Laudo | O31: Montar | T31: AG. PEÇA CLIENTE
A32: 1020 | B32: - | C32: Atvos Santa Luzia | D32: Manutenção Rolo Superior-131/24 | E32: 1 | F32: 90" | G32: 2º | H32: 46388 | I32: AG | J32: 17/02/27 | K32: Receber | L32: Desmontar | M32: Insp. | N32: Laudo | O32: Montar | T32: AG. PEÇA CLIENTE
A33: 1020 | B33: - | C33: Atvos Santa Luzia | D33: Manutenção Rolo Inferior-125 | E33: 1 | F33: 90" | G33: 3º | H33: 46388 | I33: AG | J33: 30/01/27 | K33: Receber | L33: Desmontar | M33: Insp. | N33: Laudo | O33: Montar | T33: AG. PEÇA CLIENTE
A34: 1020 | B34: - | C34: Atvos Santa Luzia | D34: Manutenção Rolo Inferior-135/26 | E34: 1 | F34: 90" | G34: 3º | H34: 46388 | I34: AG | J34: 02/02/27 | K34: Receber | L34: Desmontar | M34: Insp. | N34: Laudo | O34: Montar | T34: AG. PEÇA CLIENTE
A35: 1020 | B35: - | C35: Atvos Santa Luzia | D35: Manutenção Rolo Superior-119 | E35: 1 | F35: 90" | G35: 3º | H35: 46388 | I35: AG | J35: 16/02/27 | K35: Receber | L35: Desmontar | M35: Insp. | N35: Laudo | O35: Montar | T35: AG. PEÇA CLIENTE
A36: 1020 | B36: - | C36: Atvos Santa Luzia | D36: Manutenção Rolo Inferior-110 | E36: 1 | F36: 90" | G36: 4º | H36: 46388 | I36: AG | J36: 03/02/27 | K36: Receber | L36: Desmontar | M36: Insp. | N36: Laudo | O36: Montar | T36: AG. PEÇA CLIENTE
A37: 1020 | B37: - | C37: Atvos Santa Luzia | D37: Manutenção Rolo Inferior-111 | E37: 1 | F37: 90" | G37: 4º | H37: 46388 | I37: AG | J37: 05/02/27 | K37: Receber | L37: Desmontar | M37: Insp. | N37: Laudo | O37: Montar | T37: AG. PEÇA CLIENTE
A38: 1020 | B38: - | C38: Atvos Santa Luzia | D38: Manutenção Rolo Superior-109 | E38: 1 | F38: 90" | G38: 4º | H38: 46388 | I38: AG | J38: 13/02/27 | K38: Receber | L38: Desmontar | M38: Insp. | N38: Laudo | O38: Montar | T38: AG. PEÇA CLIENTE
A39: 1020 | B39: - | C39: Atvos Santa Luzia | D39: Manutenção Rolo Inferior-115 | E39: 1 | F39: 90" | G39: 5º | H39: 46388 | I39: AG | J39: 06/02/27 | K39: Receber | L39: Desmontar | M39: Insp. | N39: Laudo | O39: Montar | T39: AG. PEÇA CLIENTE
... A44: 1020 | B44: - | C44: Atvos Santa Luzia | D44: Manutenção Rolo Superior-134/26 | E44: 1 | F44: 90" | G44: 6º | H44: 46388 | I44: AG | J44: 17/02/27 | K44: Receber | L44: Desmontar | M44: Insp. | N44: Laudo | O44: Montar | T44: AG. PEÇA CLIENTE

Sheet CAMISAS
A1: PV | B1: Item | C1: Cliente | D1: O.S./Peça | E1: Descrição | F1: Qtde. | G1: Bit | H1: Tipo | I1: Pos. | J1: Terno | K1: Forma | L1: Nº Eixo | M1: Prazo Fund | N1: Prazo Fund Real | O1: Prazo Entrega Camisa | P1: Desenho Previsão | Q1: Des. | R1: OP1 | S1: OP2 | T1: OP3 | U1: OP4 | V1: OP5 | W1: OP6 | X1: OP7 | Y1: OP8 | Z1: OP9 | AA1: Status Camisa | AB1: Observação
A2: 1015 | B2: - | C2: Cofco | D2: 6635 | E2: Camisa | F2: 1 | G2: 2300 | H2: Dren. | I2: - | J2: - | K2: Nova | M2: 46233 | O2: 46233 | P2: OK | Q2: OK | R2: Torno | S2: Coletor | T2: Radial | U2: Boquilha | V2: Montagem | W2: Acab. | X2: Solda | Y2: Broq. | Z2: Encam. | AA2: EM USINAGEM | AB2: BOQUILHAS - PRONTAS
A3: 1027 | B3: - | C3: Água Bonita | D3: - | E3: Camisa | F3: 1 | G3: 84" | H3: Conv. | I3: Ent. | J3: 1º | K3: Refrisar | L3: 84(03) | M3: - | N3: - | O3: 46410 | P3: AG | Q3: AG | R3: Receber | S3: Grafitar | T3: Torno | U3: Solda | AA3: AG. PEÇA CLIENTE
A4: 1027 | B4: - | C4: Água Bonita | D4: - | E4: Camisa | F4: 1 | G4: 84" | H4: Conv. | I4: Saí | J4: 1º | K4: Refrisar | L4: 84(02) | M4: - | N4: - | O4: 46414 | P4: AG | Q4: AG | R4: Receber | S4: Grafitar | T4: Torno | U4: Solda | AA4: AG. PEÇA CLIENTE
A5: 1027 | B5: - | C5: Água Bonita | D5: - | E5: Camisa | F5: 1 | G5: 84" | H5: Conv. | I5: Ent. | J5: 2º | K5: Refrisar | L5: 9 | M5: - | N5: - | O5: 46416 | P5: AG | Q5: AG | R5: Receber | S5: Grafitar | T5: Torno | U5: Solda | AA5: AG. PEÇA CLIENTE
A6: 1027 | B6: - | C6: Água Bonita | D6: - | E6: Camisa | F6: 1 | G6: 1700 | H6: Conv. | I6: Saí | J6: 2º | K6: Refrisar | L6: 17 | M6: - | N6: - | O6: 46417 | P6: AG | Q6: AG | R6: Receber | S6: Grafitar | T6: Torno | U6: Solda | AA6: AG. PEÇA CLIENTE
A7: 1027 | B7: - | C7: Água Bonita | D7: - | E7: Camisa | F7: 1 | G7: 1700 | H7: Conv. | I7: Ent. | J7: 3º | K7: Refrisar | L7: 7 | M7: - | N7: - | O7: 46420 | P7: AG | Q7: AG | R7: Receber | S7: Grafitar | T7: Torno | U7: Solda | AA7: AG. PEÇA CLIENTE
A8: 1027 | B8: - | C8: Água Bonita | D8: 6822 | E8: Camisa | F8: 1 | G8: 1700 | H8: Conv. | I8: Saí | J8: 3º | K8: Nova | L8: 2 | M8: 46233 | N8: 46210 | O8: 46408 | P8: OK | Q8: OK | R8: Torno | S8: Radial | T8: Solda | U8: Broq. | V8: Encam. | AA8: EM USINAGEM
A9: 1027 | B9: - | C9: Água Bonita | D9: - | E9: Camisa | F9: 1 | G9: 1700 | H9: Conv. | I9: Ent. | J9: 4º | K9: Refrisar | L9: 3 | M9: - | N9: - | O9: 46421 | P9: AG | Q9: AG | R9: Receber | S9: Grafitar | T9: Torno | U9: Solda | AA9: AG. PEÇA CLIENTE
A10: 1027 | B10: - | C10: Água Bonita | D10: 6820 | E10: Camisa | F10: 1 | G10: 1700 | H10: Conv. | I10: Saí | J10: 4º | K10: Nova | L10: 10 | M10: 46233 | N10: 46206 | O10: 46403 | P10: OK | Q10: OK | R10: Torno | S10: Radial | T10: Solda | U10: Broq. | V10: Encam. | AA10: EM USINAGEM
A11: 1027 | B11: - | C11: Água Bonita | D11: - | E11: Camisa | F11: 1 | G11: 1700 | H11: Conv. | I11: Ent. | J11: 5º | K11: Refrisar | L11: 20 | M11: - | N11: - | O11: 46423 | P11: AG | Q11: AG | R11: Receber | S11: Grafitar | T11: Torno | U11: Solda | AA11: AG. PEÇA CLIENTE
A12: 1027 | B12: - | C12: Água Bonita | D12: 6821 | E12: Camisa | F12: 1 | G12: 1700 | H12: Dren. | I12: Saí | J12: 5º | K12: Nova | L12: 18 | M12: 46233 | N12: 46206 | O12: 46406 | P12: OK | Q12: OK | R12: Torno | S12: Coletor | T12: Radial | U12: Boquilha | V12: Montagem | W12: Acab. | X12: Solda | Y12: Broq. | Z12: Encam. | AA12: EM USINAGEM | AB12: SOL. 65341 - BARRA LATÃO - 20/07 SOL. 65340 - US. BOQUILHA MULT FURO - 20/08
A13: 1027 | B13: - | C13: Água Bonita | D13: - | E13: Camisa | F13: 1 | G13: 1700 | H13: Conv. | I13: RP | J13: 4º | K13: Embuch | L13: RP4 | M13: - | N13: - | O13: 46424 | P13: AG | Q13: AG | R13: Grafitar | S13: Torno | T13: Solda | AA13: AG. PEÇA CLIENTE | AB13: USAR CAMISA AN21
A14: 1027 | B14: - | C14: Água Bonita | D14: 6010 | E14: Camisa | F14: 1 | G14: 84" | H14: Dren. | I14: Sup | J14: 1º | K14: Nova | L14: 84(01) | M14: 46233 | O14: 46426 | P14: OK | Q14: OK | R14: Torno | S14: Coletor | T14: Radial | U14: Boquilha | V14: Montagem | W14: Acab. | X14: Solda | Y14: Broq. | Z14: Encam. | AA14: AG. FUNDIDO | AB14: SOL. 65237 - BARRA LATÃO - 20/07 SOL. 65236 - US. BOQUILHA - 07/08
A15: 1027 | B15: - | C15: Água Bonita | D15: - | E15: Camisa | F15: 1 | G15: 1700 | H15: Dren. | I15: Sup | J15: 2º | K15: Refrisar | L15: 24 | M15: - | N15: - | O15: 46427 | P15: AG | Q15: AG | R15: Receber | S15: Grafitar | T15: Torno | U15: Solda | AA15: AG. PEÇA CLIENTE
A16: 1027 | B16: - | C16: Água Bonita | D16: 6824 | E16: Camisa | F16: 1 | G16: 1700 | H16: Dren. | I16: Sup | J16: 3º | K16: Nova | L16: 19 | M16: 46233 | N16: 46206 | O16: 46428 | P16: OK | Q16: OK | R16: Torno | S16: Coletor | T16: Radial | U16: Boquilha | V16: Montagem | W16: Acab. | X16: Solda | Y16: Broq. | Z16: Encam. | AA16: EM USINAGEM | AB16: SOL. 65237 - BARRA LATÃO - 20/07 SOL. 65236 - US. BOQUILHA - 07/08
A17: 1027 | B17: - | C17: Água Bonita | D17: - | E17: Camisa | F17: 1 | G17: 1700 | H17: Dren. | I17: Sup | J17: 4º | K17: Refrisar | L17: 15 | M17: - | N17: - | O17: 46430 | P17: AG | Q17: AG | R17: Receber | S17: Grafitar | T17: Torno | U17: Solda | AA17: AG. PEÇA CLIENTE
A18: 1027 | B18: - | C18: Água Bonita | D18: - | E18: Camisa | F18: 1 | G18: 1700 | H18: Dren. | I18: Sup | J18: 5º | K18: Refrisar | L18: 16 | M18: - | N18: - | O18: 46431 | P18: AG | Q18: AG | R18: Receber | S18: Grafitar | T18: Torno | U18: Solda | AA18: AG. PEÇA CLIENTE
A19: 1005 | B19: - | C19: Cafealcool | D19: - | E19: Camisa | F19: 1 | G19: 48" | H19: Conv. | I19: Ent. | J19: 1º | K19: Refrisar | L19: 31 | M19: - | N19: - | O19: 46122 | P19: OK | Q19: OK | R19: Receber | S19: Grafitar | T19: Torno | U19: Solda | AA19: CONCLUÍDO | AB19: AG. SERVIÇO EM EIXO
A20: 1005 | B20: - | C20: Cafealcool | D20: - | E20: Camisa | F20: 1 | G20: 48" | H20: Conv. | I20: Ent. | J20: 2º | K20: Refrisar | L20: 32 | M20: - | N20: - | O20: 46122 | P20: OK | Q20: OK | R20: Receber | S20: Grafitar | T20: Torno | U20: Solda | AA20: CONCLUÍDO | AB20: AG. SERVIÇO EM EIXO
A21: 1005 | B21: - | C21: Cafealcool | D21: - | E21: Camisa | F21: 1 | G21: 48" | H21: Conv. | I21: Sup | J21: 2º | K21: Refrisar | L21: 17 | M21: - | N21: - | O21: 46122 | P21: OK | Q21: OK | R21: Receber | S21: Grafitar | T21: Torno | U21: Solda | AA21: CONCLUÍDO | AB21: AG. SERVIÇO EM EIXO
A22: 1005 | B22: - | C22: Cafealcool | D22: - | E22: Camisa | F22: 1 | G22: 48" | H22: Conv. | I22: Sai | J22: 2º | K22: Refrisar | L22: 7 | M22: - | N22: - | O22: 46122 | P22: OK | Q22: OK | R22: Receber | S22: Grafitar | T22: Torno | U22: Solda | AA22: CONCLUÍDO | AB22: AG. SERVIÇO EM EIXO
A23: 1005 | B23: - | C23: Cafealcool | D23: - | E23: Camisa | F23: 1 | G23: 48" | H23: Conv. | I23: Ent. | J23: 3º | K23: Refrisar | L23: 21 | M23: - | N23: - | O23: 46122 | P23: OK | Q23: OK | R23: Receber | S23: Grafitar | T23: Torno | U23: Solda | AA23: CONCLUÍDO | AB23: AG. SERVIÇO EM EIXO
A24: 1005 | B24: - | C24: Cafealcool | D24: - | E24: Camisa | F24: 1 | G24: 48" | H24: Conv. | I24: Sai | J24: 3º | K24: Refrisar | L24: 4 | M24: - | N24: - | O24: 46122 | P24: OK | Q24: OK | R24: Receber | S24: Grafitar | T24: Torno | U24: Solda | AA24: CONCLUÍDO | AB24: AG. SERVIÇO EM EIXO
A25: 1005 | B25: - | C25: Cafealcool | D25: - | E25: Camisa | F25: 1 | G25: 48" | H25: Conv. | I25: Ent. | J25: 4º | K25: Refrisar | L25: 5 | M25: - | N25: - | O25: 46122 | P25: OK | Q25: OK | R25: Receber | S25: Grafitar | T25: Torno | U25: Solda | AA25: CONCLUÍDO | AB25: AG. SERVIÇO EM EIXO
A26: 1005 | B26: - | C26: Cafealcool | D26: - | E26: Camisa | F26: 1 | G26: 48" | H26: Conv. | I26: Sup | J26: 4º | K26: Refrisar | L26: 33 | M26: - | N26: - | O26: 46122 | P26: OK | Q26: OK | R26: Receber | S26: Grafitar | T26: Torno | U26: Solda | AA26: CONCLUÍDO | AB26: AG. SERVIÇO EM EIXO
A27: 1005 | B27: - | C27: Cafealcool | D27: - | E27: Camisa | F27: 1 | G27: 48" | H27: Conv. | I27: Ent. | J27: 5º | K27: Refrisar | L27: 13 | M27: - | N27: - | O27: 46122 | P27: OK | Q27: OK | R27: Receber | S27: Grafitar | T27: Torno | U27: Solda | AA27: CONCLUÍDO | AB27: AG. SERVIÇO EM EIXO
A28: 1005 | B28: - | C28: Cafealcool | D28: - | E28: Camisa | F28: 1 | G28: 48" | H28: Conv. | I28: Sup | J28: 5º | K28: Refrisar | L28: 30 | M28: - | N28: - | O28: 46122 | P28: OK | Q28: OK | R28: Receber | S28: Grafitar | T28: Torno | U28: Solda | AA28: CONCLUÍDO | AB28: AG. SERVIÇO EM EIXO
A29: 1005 | B29: - | C29: Cafealcool | D29: - | E29: Camisa | F29: 1 | G29: 48" | H29: Conv. | I29: Sai | J29: 5º | K29: Refrisar | L29: 23 | M29: - | N29: - | O29: 46122 | P29: OK | Q29: OK | R29: Receber | S29: Grafitar | T29: Torno | U29: Solda | AA29: CONCLUÍDO | AB29: AG. SERVIÇO EM EIXO
A30: 2077 | B30: - | C30: Raizen Barra | D30: 6728 | E30: Camisa | F30: 1 | G30: 84" | H30: Conv. | I30: - | J30: - | K30: Nova | L30: 6032 | M30: 46054 | N30: 46054 | O30: 46090 | P30: OK | Q30: OK | R30: Torno | S30: Radial | T30: Broq. | U30: Encam. | AA30: EXPEDIDO
A31: 2077 | B31: - | C31: Raizen Barra | D31: 6727 | E31: Camisa | F31: 1 | G31: 84" | H31: Dren. | I31: - | J31: - | K31: Nova | L31: 6040 | M31: 46054 | N31: 46054 | O31: 46192 | P31: OK | Q31: OK | R31: Torno | S31: Coletor | T31: Radial | U31: Boquilha | V31: Montagem | W31: Acab. | X31: Broq. | Y31: Encam. | AA31: CONCLUÍDO | AB31: AG. COLETAR
A32: 1386 | B32: - | C32: Raizen Barra | D32: 6169 | E32: Camisa | F32: 1 | G32: 84" | H32: Conv. | I32: - | J32: - | K32: Nova | L32: 6075 | M32: 46054 | N32: 46054 | P32: OK | Q32: OK | R32: Torno | S32: Radial | T32: Broq. | U32: Encam. | AA32: CONCLUÍDO | AB32: AG. EIXO CLIENTE
A33: 2078 | B33: - | C33: Raizen Bonfim | D33: 6741 | E33: Camisa | F33: 1 | G33: 78" | H33: Conv. | I33: - | J33: - | K33: Nova | L33: 123 | M33: 46054 | N33: 46054 | O33: 46090 | P33: OK | Q33: OK | R33: Torno | S33: Radial | T33: Broq. | U33: Encam. | AA33: EXPEDIDO
A34: 2078 | B34: - | C34: Raizen Bonfim | D34: 6734 | E34: Camisa | F34: 1 | G34: 78" | H34: Conv. | I34: - | J34: - | K34: Nova | L34: 6734 | M34: 46054 | N34: 46054 | O34: 46090 | P34: OK | Q34: OK | R34: Torno | S34: Radial | T34: Broq. | U34: Encam. | AA34: EXPEDIDO
A35: 2078 | B35: - | C35: Raizen Bonfim | D35: 6737 | E35: Camisa | F35: 1 | G35: 78" | H35: Conv. | I35: - | J35: - | K35: Nova | L35: 173 | M35: 46054 | N35: 46054 | O35: 46090 | P35: OK | Q35: OK | R35: Torno | S35: Radial | T35: Broq. | U35: Encam. | AA35: EXPEDIDO
A36: 2078 | B36: - | C36: Raizen Bonfim | D36: 6742 | E36: Camisa | F36: 1 | G36: 78" | H36: Dren. | I36: - | J36: - | K36: Nova | L36: 181 | M36: 46054 | N36: 46054 | O36: 46127 | P36: OK | Q36: OK | R36: Torno | S36: Coletor | T36: Radial | U36: Boquilha | V36: Montagem | W36: Acab. | X36: Broq. | Y36: Encam. | AA36: CONCLUÍDO | AB36: AG. COLETAR
A37: 2078 | B37: - | C37: Raizen Bonfim | D37: 6743 | E37: Camisa | F37: 1 | G37: 78" | H37: Dren. | I37: - | J37: - | K37: Nova | L37: 187 | M37: 46054 | N37: 46054 | O37: 46185 | P37: OK | Q37: OK | R37: Torno | S37: Coletor | T37: Radial | U37: Boquilha | V37: Montagem | W37: Acab. | X37: Broq. | Y37: Encam. | AA37: EXPEDIDO
A38: 2078 | B38: - | C38: Raizen Bonfim | D38: 6736 | E38: Camisa | F38: 1 | G38: 78" | H38: Conv. | I38: - | J38: - | K38: Nova | L38: 199 | M38: 46054 | N38: 46054 | O38: 46090 | P38: OK | Q38: OK | R38: Torno | S38: Radial | T38: Broq. | U38: Encam. | AA38: EXPEDIDO
A39: 2078 | B39: - | C39: Raizen Bonfim | D39: 6735 | E39: Camisa | F39: 1 | G39: 78" | H39: Conv. | I39: - | J39: - | K39: Nova | L39: 200 | M39: 46054 | N39: 46054 | O39: 46090 | P39: OK | Q39: OK | R39: Torno | S39: Radial | T39: Broq. | U39: Encam. | AA39: EXPEDIDO
A40: 2078 | B40: - | C40: Raizen Bonfim | D40: 6740 | E40: Camisa | F40: 1 | G40: 78" | H40: Conv. | I40: - | J40: - | K40: Nova | L40: 201 | M40: 46054 | N40: 46054 | O40: 46090 | P40: OK | Q40: OK | R40: Torno | S40: Radial | T40: Broq. | U40: Encam. | AA40: EXPEDIDO
A41: 2078 | B41: - | C41: Raizen Bonfim | D41: 6738 | E41: Camisa | F41: 1 | G41: 78" | H41: Conv. | I41: - | J41: - | K41: Nova | L41: IPA41 | M41: 46054 | N41: 46054 | O41: 46090 | P41: OK | Q41: OK | R41: Torno | S41: Radial | T41: Broq. | U41: Encam. | AA41: EXPEDIDO
A42: 2078 | B42: - | C42: Raizen Bonfim | D42: 6744 | E42: Camisa | F42: 1 | G42: 78" | H42: Dren. | I42: - | J42: - | K42: Nova | L42: PSO121 | M42: 46054 | N42: 46054 | O42: 46127 | P42: OK | Q42: OK | R42: Torno | S42: Coletor | T42: Radial | U42: Boquilha | V42: Montagem | W42: Acab. | X42: Broq. | Y42: Encam. | AA42: EXPEDIDO
A43: 2078 | B43: - | C43: Raizen Bonfim | D43: 6739 | E43: Camisa | F43: 1 | G43: 78" | H43: Conv. | I43: - | J43: - | K43: Nova | L43: SH43 | M43: 46054 | N43: 46054 | O43: 46090 | P43: OK | Q43: OK | R43: Torno | S43: Radial | T43: Broq. | U43: Encam. | AA43: EXPEDIDO
A44: 2099 | B44: - | C44: Raizen Ipaussu | D44: 6745 | E44: Camisa | F44: 1 | G44: 78" | H44: Dren. | I44: - | J44: - | K44: Nova | O44: 46127 | P44: OK | Q44: OK | R44: Torno | S44: Coletor | T44: Radial | U44: Boquilha | V44: Montagem | W44: Acab. | X44: Broq. | Y44: Encam. | AA44: CONCLUÍDO | AB44: AG. EIXO
A45: 2097 | B45: - | C45: Raizen Jatai | D45: 6788 | E45: Camisa | F45: 1 | G45: 90" | H45: Dren. | I45: - | J45: - | K45: Nova | L45: 3G | M45: 46054 | N45: 46054 | O45: 46127 | P45: OK | Q45: OK | R45: Torno | S45: Coletor | T45: Radial | U45: Boquilha | V45: Montagem | W45: Acab. | X45: Broq. | Y45: Encam. | AA45: CONCLUÍDO | AB45: AG. COLETAR
A46: 2088 | B46: - | C46: Raizen Junqueira | D46: 6774 | E46: Camisa | F46: 1 | G46: 84" | H46: Conv. | I46: - | J46: - | K46: Nova | L46: 62 | M46: 46054 | N46: 46054 | O46: 46132 | P46: OK | Q46: OK | R46: Torno | S46: Coletor | T46: Radial | U46: Boquilha | V46: Montagem | W46: Acab. | X46: Broq. | Y46: Encam. | AA46: CONCLUÍDO
A47: 2088 | B47: - | C47: Raizen Junqueira | D47: 6772 | E47: Camisa | F47: 1 | G47: 84" | H47: Conv. | I47: - | J47: - | K47: Nova | L47: 111F | M47: 46054 | N47: 46054 | O47: 46132 | P47: OK | Q47: OK | R47: Torno | S47: Coletor | T47: Radial | U47: Boquilha | V47: Montagem | W47: Acab. | X47: Broq. | Y47: Encam. | AA47: CONCLUÍDO
A48: 2088 | B48: - | C48: Raizen Junqueira | D48: 6778 | E48: Camisa | F48: 1 | G48: 2200 | H48: Conv. | I48: - | J48: - | K48: Nova | L48: 45S | M48: 46054 | N48: 46054 | O48: 46132 | P48: OK | Q48: OK | R48: Torno | S48: Coletor | T48: Radial | U48: Boquilha | V48: Montagem | W48: Acab. | X48: Broq. | Y48: Encam. | AA48: CONCLUÍDO
A49: 974 | B49: - | C49: Raizen Junqueira | D49: - | E49: Camisa | F49: 1 | G49: 84" | H49: Conv. | I49: - | J49: - | K49: Refrisar | L49: - | M49: - | N49: - | O49: 46388 | P49: OK | Q49: OK | R49: Receber | S49: Grafitar | T49: Torno | AA49: AG. Ø CLIENTE | AB49: AG. Ø CLIENTE
A50: 1006 | B50: - | C50: Raizen Mundial | D50: - | E50: Camisa | F50: 1 | G50: 54" | H50: Conv. | I50: - | J50: - | K50: Refrisar | L50: 18 | M50: - | N50: - | O50: 46191 | P50: OK | Q50: OK | R50: Receber | S50: Grafitar | T50: Torno | AA50: CONCLUÍDO | AB50: AG. COLETAR
A51: 1006 | B51: - | C51: Raizen Mundial | D51: - | E51: Camisa | F51: 1 | G51: 66" | H51: Conv. | I51: - | J51: - | K51: Refrisar | L51: 31A | M51: - | N51: - | O51: 46191 | P51: OK | Q51: OK | R51: Receber | S51: Grafitar | T51: Torno | AA51: CONCLUÍDO | AB51: AG. COLETAR
A52: 2098 | B52: - | C52: Raizen Paralcool | D52: 6746 | E52: Camisa | F52: 1 | G52: 66" | H52: Dren. | I52: - | J52: - | K52: Nova | O52: 46127 | P52: OK | Q52: OK | R52: Torno | S52: Coletor | T52: Radial | U52: Boquilha | V52: Montagem | W52: Acab. | X52: Broq. | Y52: Encam. | AA52: CONCLUÍDO | AB52: AG. EIXO
A53: 2080 | B53: - | C53: Raizen S. Francisco | D53: 6726 | E53: Camisa | F53: 1 | G53: 66" | H53: Dren. | I53: - | J53: - | K53: Nova | L53: 33 | M53: 46082 | N53: 46082 | O53: 46195 | P53: OK | Q53: OK | R53: Torno | S53: Coletor | T53: Radial | U53: Boquilha | V53: Montagem | W53: Acab. | X53: Broq. | Y53: Encam. | AA53: CONCLUÍDO | AB53: AG. COLETAR
A54: 2080 | B54: - | C54: Raizen S. Francisco | D54: 6725 | E54: Camisa | F54: 1 | G54: 66" | H54: Dren. | I54: - | J54: - | K54: Nova | L54: 44 | M54: 46082 | N54: 46082 | O54: 46101 | P54: OK | Q54: OK | R54: Torno | S54: Coletor | T54: Radial | U54: Boquilha | V54: Montagem | W54: Acab. | X54: Broq. | Y54: Encam. | AA54: CONCLUÍDO | AB54: AG. COLETAR
A55: 2096 | B55: - | C55: Raizen Serra | D55: 6751 | E55: Camisa | F55: 1 | G55: 66" | H55: Dren. | I55: - | J55: - | K55: Nova | O55: 46127 | P55: OK | Q55: OK | R55: Torno | S55: Coletor | T55: Radial | U55: Boquilha | V55: Montagem | W55: Acab. | X55: Broq. | Y55: Encam. | AA55: CONCLUÍDO | AB55: AG. EIXO
A56: 2096 | B56: - | C56: Raizen Serra | D56: 6749 | E56: Camisa | F56: 1 | G56: 66" | H56: Dren. | I56: - | J56: - | K56: Nova | O56: 46127 | P56: OK | Q56: OK | R56: Torno | S56: Coletor | T56: Radial | U56: Boquilha | V56: Montagem | W56: Acab. | X56: Broq. | Y56: Encam. | AA56: CONCLUÍDO | AB56: AG. EIXO
A57: 2096 | B57: - | C57: Raizen Serra | D57: 6750 | E57: Camisa | F57: 1 | G57: 66" | H57: Dren. | I57: - | J57: - | K57: Nova | O57: 46127 | P57: OK | Q57: OK | R57: Torno | S57: Coletor | T57: Radial | U57: Boquilha | V57: Montagem | W57: Acab. | X57: Broq. | Y57: Encam. | AA57: CONCLUÍDO | AB57: AG. EIXO
A58: 967/31 | B58: - | C58: Raizen Serra | D58: - | E58: Camisa | F58: 1 | G58: 66" | H58: Conv. | I58: - | J58: - | K58: Nova | O58: 46101 | P58: OK | Q58: OK | R58: Torno | S58: Radial | T58: Broq. | U58: Encam. | AA58: CONCLUÍDO | AB58: AG. EIXO
A59: 2087/2 | B59: - | C59: Raizen Sta Candida | D59: 6731 | E59: Camisa | F59: 1 | G59: 2000 | H59: Dren. | I59: - | J59: - | K59: Nova | O59: 46101 | P59: OK | Q59: OK | R59: Torno | S59: Coletor | T59: Radial | U59: Boquilha | V59: Montagem | W59: Acab. | X59: Broq. | Y59: Encam. | AA59: CONCLUÍDO | AB59: AG. EIXO
A60: 2087/1 | B60: - | C60: Raizen Sta Candida | D60: 6732 | E60: Camisa | F60: 1 | G60: 2000 | H60: Conv. | I60: - | J60: - | K60: Nova | O60: 46101 | P60: OK | Q60: OK | R60: Torno | S60: Radial | T60: Broq. | U60: Encam. | AA60: CONCLUÍDO | AB60: AG. EIXO
A61: 2082/3 | B61: - | C61: Raizen Taruma | D61: 6775 | E61: Camisa | F61: 1 | G61: 78" | H61: Dren. | I61: - | J61: - | K61: Nova | O61: 46101 | P61: OK | Q61: OK | R61: Torno | S61: Coletor | T61: Radial | U61: Boquilha | V61: Montagem | W61: Acab. | X61: Broq. | Y61: Encam. | AA61: CONCLUÍDO | AB61: AG. EIXO
A62: 2082/1 | B62: - | C62: Raizen Taruma | D62: 6767 | E62: Camisa | F62: 1 | G62: 78" | H62: RP | I62: - | J62: - | K62: Nova | O62: 46101 | P62: OK | Q62: OK | R62: Torno | S62: Broq. | T62: Encam. | AA62: CONCLUÍDO | AB62: AG. EIXO
A63: 2082/2 | B63: - | C63: Raizen Taruma | D63: 6768 | E63: Camisa | F63: 1 | G63: 78" | H63: Dren. | I63: - | J63: - | K63: Nova | O63: 46101 | P63: OK | Q63: OK | R63: Torno | S63: Coletor | T63: Radial | U63: Boquilha | V63: Montagem | W63: Acab. | X63: Broq. | Y63: Encam. | AA63: CONCLUÍDO | AB63: AG. EIXO
A64: 2081/2 | B64: - | C64: Raizen Univalem | D64: 6763 | E64: Camisa | F64: 1 | G64: 66" | H64: Dren. | I64: - | J64: - | K64: Nova | L64: 47D | M64: 46054 | N64: 46054 | O64: 46101 | P64: OK | Q64: OK | R64: Torno | S64: Coletor | T64: Radial | U64: Boquilha | V64: Montagem | W64: Acab. | X64: Broq. | Y64: Encam. | AA64: EXPEDIDO
A65: 2081/1 | B65: - | C65: Raizen Univalem | D65: 6729 | E65: Camisa | F65: 1 | G65: 60" | H65: RP | I65: - | J65: - | K65: Nova | L65: DEP5 | M65: 46054 | N65: 46054 | O65: 46264 | P65: OK | Q65: OK | R65: Torno | S65: Broq. | T65: Encam. | AA65: AG. USINAGEM | AB65: AG. EIXO
A66: 2079/1 | B66: - | C66: Raizen Vale | D66: 6733 | E66: Camisa | F66: 1 | G66: 72" | H66: RP | I66: - | J66: - | K66: Nova | O66: 46090 | P66: OK | Q66: OK | R66: Torno | S66: Broq. | T66: Encam. | AA66: AG. USINAGEM | AB66: AG. EIXO
A67: 2079/2 | B67: - | C67: Raizen Vale | D67: 6779 | E67: Camisa | F67: 1 | G67: 2100 | H67: Dren. | I67: - | J67: - | K67: Nova | O67: 46090 | P67: OK | Q67: OK | R67: Torno | S67: Coletor | T67: Radial | U67: Boquilha | V67: Montagem | W67: Acab. | X67: Broq. | Y67: Encam. | AA67: CONCLUÍDO | AB67: AG. EIXO
